project,date,drivers,samples,boards,loc,numberOfCommits,numberOfCommitsPastMonth,numberOfUniqueContributorsPastMonth
Azure RTOS ThreadX,2014-05-31,,,,,,,
Azure RTOS ThreadX,2014-06-30,,,,,,,
Azure RTOS ThreadX,2014-07-31,,,,,,,
Azure RTOS ThreadX,2014-08-31,,,,,,,
Azure RTOS ThreadX,2014-09-30,,,,,,,
Azure RTOS ThreadX,2014-10-31,,,,,,,
Azure RTOS ThreadX,2014-11-30,,,,,,,
Azure RTOS ThreadX,2014-12-31,,,,,,,
Azure RTOS ThreadX,2015-01-31,,,,,,,
Azure RTOS ThreadX,2015-02-28,,,,,,,
Azure RTOS ThreadX,2015-03-31,,,,,,,
Azure RTOS ThreadX,2015-04-30,,,,,,,
Azure RTOS ThreadX,2015-05-31,,,,,,,
Azure RTOS ThreadX,2015-06-30,,,,,,,
Azure RTOS ThreadX,2015-07-31,,,,,,,
Azure RTOS ThreadX,2015-08-31,,,,,,,
Azure RTOS ThreadX,2015-09-30,,,,,,,
Azure RTOS ThreadX,2015-10-31,,,,,,,
Azure RTOS ThreadX,2015-11-30,,,,,,,
Azure RTOS ThreadX,2015-12-31,,,,,,,
Azure RTOS ThreadX,2016-01-31,,,,,,,
Azure RTOS ThreadX,2016-02-29,,,,,,,
Azure RTOS ThreadX,2016-03-31,,,,,,,
Azure RTOS ThreadX,2016-04-30,,,,,,,
Azure RTOS ThreadX,2016-05-31,,,,,,,
Azure RTOS ThreadX,2016-06-30,,,,,,,
Azure RTOS ThreadX,2016-07-31,,,,,,,
Azure RTOS ThreadX,2016-08-31,,,,,,,
Azure RTOS ThreadX,2016-09-30,,,,,,,
Azure RTOS ThreadX,2016-10-31,,,,,,,
Azure RTOS ThreadX,2016-11-30,,,,,,,
Azure RTOS ThreadX,2016-12-31,,,,,,,
Azure RTOS ThreadX,2017-01-31,,,,,,,
Azure RTOS ThreadX,2017-02-28,,,,,,,
Azure RTOS ThreadX,2017-03-31,,,,,,,
Azure RTOS ThreadX,2017-04-30,,,,,,,
Azure RTOS ThreadX,2017-05-31,,,,,,,
Azure RTOS ThreadX,2017-06-30,,,,,,,
Azure RTOS ThreadX,2017-07-31,,,,,,,
Azure RTOS ThreadX,2017-08-31,,,,,,,
Azure RTOS ThreadX,2017-09-30,,,,,,,
Azure RTOS ThreadX,2017-10-31,,,,,,,
Azure RTOS ThreadX,2017-11-30,,,,,,,
Azure RTOS ThreadX,2017-12-31,,,,,,,
Azure RTOS ThreadX,2018-01-31,,,,,,,
Azure RTOS ThreadX,2018-02-28,,,,,,,
Azure RTOS ThreadX,2018-03-31,,,,,,,
Azure RTOS ThreadX,2018-04-30,,,,,,,
Azure RTOS ThreadX,2018-05-31,,,,,,,
Azure RTOS ThreadX,2018-06-30,,,,,,,
Azure RTOS ThreadX,2018-07-31,,,,,,,
Azure RTOS ThreadX,2018-08-31,,,,,,,
Azure RTOS ThreadX,2018-09-30,,,,,,,
Azure RTOS ThreadX,2018-10-31,,,,,,,
Azure RTOS ThreadX,2018-11-30,,,,,,,
Azure RTOS ThreadX,2018-12-31,,,,,,,
Azure RTOS ThreadX,2019-01-31,,,,,,,
Azure RTOS ThreadX,2019-02-28,,,,,,,
Azure RTOS ThreadX,2019-03-31,,,,,,,
Azure RTOS ThreadX,2019-04-30,,,,,,,
Azure RTOS ThreadX,2019-05-31,,,,,,,
Azure RTOS ThreadX,2019-06-30,,,,,,,
Azure RTOS ThreadX,2019-07-31,,,,,,,
Azure RTOS ThreadX,2019-08-31,,,,,,,
Azure RTOS ThreadX,2019-09-30,,,,,,,
Azure RTOS ThreadX,2019-10-31,,,,,,,
Azure RTOS ThreadX,2019-11-30,,,,,,,
Azure RTOS ThreadX,2019-12-31,,,,,,,
Azure RTOS ThreadX,2020-01-31,,,,,,,
Azure RTOS ThreadX,2020-02-29,,,,,,,
Azure RTOS ThreadX,2020-03-31,,,,,,,
Azure RTOS ThreadX,2020-04-30,,,,,,,
Azure RTOS ThreadX,2020-05-31,,,,52660,28,28,3
Azure RTOS ThreadX,2020-06-30,,,,52660,28,0,1
Azure RTOS ThreadX,2020-07-31,,,,252245,34,6,3
Azure RTOS ThreadX,2020-08-31,,,,544088,44,10,3
Azure RTOS ThreadX,2020-09-30,,,,544100,46,2,2
Azure RTOS ThreadX,2020-10-31,,,,809728,51,5,2
Azure RTOS ThreadX,2020-11-30,,,,806487,53,2,2
Azure RTOS ThreadX,2020-12-31,,,,806491,58,5,2
Azure RTOS ThreadX,2021-01-31,,,,875369,60,2,2
Azure RTOS ThreadX,2021-02-28,,,,875369,60,0,1
Azure RTOS ThreadX,2021-03-31,,,,888919,62,2,3
Azure RTOS ThreadX,2021-04-30,,,,910229,65,3,3
Azure RTOS ThreadX,2021-05-31,,,,910229,65,0,1
Azure RTOS ThreadX,2021-06-30,,,,936326,68,3,4
Azure RTOS ThreadX,2021-07-31,,,,937234,69,1,2
Azure RTOS ThreadX,2021-08-31,,,,937234,69,0,1
Azure RTOS ThreadX,2021-09-30,,,,940856,70,1,3
Azure RTOS ThreadX,2021-10-31,,,,917556,72,2,3
Azure RTOS ThreadX,2021-11-30,,,,917556,72,0,1
Azure RTOS ThreadX,2021-12-31,,,,917556,72,0,1
Azure RTOS ThreadX,2022-01-31,,,,1306007,73,1,2
Azure RTOS ThreadX,2022-02-28,,,,1306350,75,2,3
Azure RTOS ThreadX,2022-03-31,,,,1306352,77,2,2
Azure RTOS ThreadX,2022-04-30,,,,1260024,79,2,4
Azure RTOS ThreadX,2022-05-31,,,,1260024,79,0,1
Azure RTOS ThreadX,2022-06-30,,,,1260024,80,1,2
Azure RTOS ThreadX,2022-07-31,,,,1291636,83,3,4
Azure RTOS ThreadX,2022-08-31,,,,1291636,83,0,1
Azure RTOS ThreadX,2022-09-30,,,,1291636,83,0,1
Azure RTOS ThreadX,2022-10-31,,,,1304625,84,1,2
Azure RTOS ThreadX,2022-11-30,,,,1304699,89,5,3
Azure RTOS ThreadX,2022-12-31,,,,1319494,90,1,2
Azure RTOS ThreadX,2023-01-31,,,,1319816,91,1,2
Azure RTOS ThreadX,2023-02-28,,,,1319816,93,2,2
Azure RTOS ThreadX,2023-03-31,,,,1339915,96,3,4
Azure RTOS ThreadX,2023-04-30,,,,1498932,106,10,3
Azure RTOS ThreadX,2023-05-31,,,,1499337,111,5,4
Azure RTOS ThreadX,2023-06-30,,,,1500455,115,4,3
Azure RTOS ThreadX,2023-07-31,,,,1501068,118,3,3
Azure RTOS ThreadX,2023-08-31,,,,1501183,119,1,2
Azure RTOS ThreadX,2023-09-30,,,,1508720,124,5,2
Azure RTOS ThreadX,2023-10-31,,,,1508745,126,2,2
Azure RTOS ThreadX,2023-11-30,,,,1508219,135,9,7
Azure RTOS ThreadX,2023-12-31,,,,1508647,140,5,6
Azure RTOS ThreadX,2024-01-31,,,,1505052,144,4,4
Azure RTOS ThreadX,2024-02-29,,,,1505667,153,9,5
Azure RTOS ThreadX,2024-03-31,,,,1505664,156,3,3
Azure RTOS ThreadX,2024-04-30,,,,1505664,156,0,1
Azure RTOS ThreadX,2023-05-25,,,,1499337,111,5,4
Azure RTOS ThreadX,2024-04-25,,,,1505664,156,1,2
Azure RTOS ThreadX,2024-05-25,,,,1505664,156,0,1
Contiki-NG,2014-05-31,0,42,,501227,7247,12,11
Contiki-NG,2014-06-30,0,43,,501183,7278,31,12
Contiki-NG,2014-07-31,0,42,,525023,7292,14,11
Contiki-NG,2014-08-31,0,42,,527381,7304,12,8
Contiki-NG,2014-09-30,0,42,,528363,7309,5,4
Contiki-NG,2014-10-31,0,43,,533863,7323,14,9
Contiki-NG,2014-11-30,0,44,,534150,7352,29,16
Contiki-NG,2014-12-31,0,44,,534189,7373,21,10
Contiki-NG,2015-01-31,0,44,,534190,7376,3,2
Contiki-NG,2015-02-28,0,45,,561626,7400,24,14
Contiki-NG,2015-03-31,0,45,,563668,7414,14,7
Contiki-NG,2015-04-30,0,45,,563827,7419,5,7
Contiki-NG,2015-05-31,0,47,,568441,7462,43,15
Contiki-NG,2015-06-30,0,47,,571396,7479,17,10
Contiki-NG,2015-07-31,0,47,,571463,7489,10,7
Contiki-NG,2015-08-31,0,47,,577738,7516,27,16
Contiki-NG,2015-09-30,0,51,,593384,7560,44,23
Contiki-NG,2015-10-31,0,51,,598128,7589,29,19
Contiki-NG,2015-11-30,0,53,,616375,7624,35,18
Contiki-NG,2015-12-31,0,55,,634640,7647,23,14
Contiki-NG,2016-01-31,0,55,,634176,7679,32,12
Contiki-NG,2016-02-29,0,56,,635287,7703,24,9
Contiki-NG,2016-03-31,0,56,,640730,7726,23,12
Contiki-NG,2016-04-30,0,57,,645112,7756,30,16
Contiki-NG,2016-05-31,0,58,,654214,7776,20,13
Contiki-NG,2016-06-30,0,60,,673457,7829,53,23
Contiki-NG,2016-07-31,0,61,,674347,7853,24,14
Contiki-NG,2016-08-31,0,62,,675237,7875,22,8
Contiki-NG,2016-09-30,0,62,,678938,7899,24,12
Contiki-NG,2016-10-31,0,62,,679722,7907,8,11
Contiki-NG,2016-11-30,0,62,,685378,7919,12,9
Contiki-NG,2016-12-31,0,64,,727949,7950,31,14
Contiki-NG,2017-01-31,0,64,,730452,7974,24,10
Contiki-NG,2017-02-28,0,64,,730425,7979,5,5
Contiki-NG,2017-03-31,0,64,,731816,7999,20,16
Contiki-NG,2017-04-30,0,64,,728765,8014,15,13
Contiki-NG,2017-05-31,0,17,,443050,8070,56,6
Contiki-NG,2017-06-30,0,16,,407947,8081,11,5
Contiki-NG,2017-07-31,0,16,,414149,8091,10,4
Contiki-NG,2017-08-31,0,16,,415378,8092,1,2
Contiki-NG,2017-09-30,0,18,,410076,8107,15,8
Contiki-NG,2017-10-31,0,18,,321844,8148,41,6
Contiki-NG,2017-11-30,0,17,,314560,8191,43,11
Contiki-NG,2017-12-31,0,17,,319050,8231,40,7
Contiki-NG,2018-01-31,0,17,,319129,8237,6,7
Contiki-NG,2018-02-28,0,18,,318286,8260,23,7
Contiki-NG,2018-03-31,0,19,,323137,8300,40,12
Contiki-NG,2018-04-30,0,18,,324189,8330,30,10
Contiki-NG,2018-05-31,0,18,,325808,8376,46,12
Contiki-NG,2018-06-30,0,18,,326870,8392,16,10
Contiki-NG,2018-07-31,0,18,,326870,8393,1,3
Contiki-NG,2018-08-31,0,18,,326967,8404,11,9
Contiki-NG,2018-09-30,0,19,,370139,8435,31,10
Contiki-NG,2018-10-31,0,19,,369229,8472,37,8
Contiki-NG,2018-11-30,0,19,,370387,8489,17,13
Contiki-NG,2018-12-31,0,19,,370448,8493,4,5
Contiki-NG,2019-01-31,0,19,,381504,8501,8,7
Contiki-NG,2019-02-28,0,19,,381612,8510,9,6
Contiki-NG,2019-03-31,0,19,,381870,8518,8,6
Contiki-NG,2019-04-30,0,19,,382094,8538,20,8
Contiki-NG,2019-05-31,0,19,,385413,8548,10,8
Contiki-NG,2019-06-30,0,19,,389126,8553,5,5
Contiki-NG,2019-07-31,0,19,,389655,8561,8,8
Contiki-NG,2019-08-31,0,19,,389655,8563,2,3
Contiki-NG,2019-09-30,0,20,,393743,8590,27,12
Contiki-NG,2019-10-31,0,20,,394385,8593,3,8
Contiki-NG,2019-11-30,0,20,,394436,8603,10,10
Contiki-NG,2019-12-31,0,20,,394471,8606,3,5
Contiki-NG,2020-01-31,0,20,,395435,8611,5,6
Contiki-NG,2020-02-29,0,20,,395435,8612,1,2
Contiki-NG,2020-03-31,0,20,,395453,8617,5,3
Contiki-NG,2020-04-30,0,20,,396880,8628,11,9
Contiki-NG,2020-05-31,0,20,,399793,8639,11,8
Contiki-NG,2020-06-30,0,20,,399825,8647,8,7
Contiki-NG,2020-07-31,0,20,,410141,8660,13,9
Contiki-NG,2020-08-31,0,20,,410185,8665,5,5
Contiki-NG,2020-09-30,0,20,,409472,8684,19,12
Contiki-NG,2020-10-31,3,20,,410630,8703,19,8
Contiki-NG,2020-11-30,3,20,,412246,8724,21,9
Contiki-NG,2020-12-31,3,21,,412379,8732,8,7
Contiki-NG,2021-01-31,3,21,,412417,8734,2,5
Contiki-NG,2021-02-28,3,21,,412657,8743,9,6
Contiki-NG,2021-03-31,3,21,,400254,8755,12,8
Contiki-NG,2021-04-30,3,21,,400250,8762,7,6
Contiki-NG,2021-05-31,4,21,,401478,8779,17,8
Contiki-NG,2021-06-30,4,21,,406406,8794,15,8
Contiki-NG,2021-07-31,4,21,,406406,8796,2,3
Contiki-NG,2021-08-31,4,21,,406406,8796,0,1
Contiki-NG,2021-09-30,4,21,,406457,8802,6,3
Contiki-NG,2021-10-31,4,21,,406481,8807,5,7
Contiki-NG,2021-11-30,4,21,,406482,8812,5,6
Contiki-NG,2021-12-31,4,21,,406482,8812,0,1
Contiki-NG,2022-01-31,4,21,,406486,8813,1,3
Contiki-NG,2022-02-28,4,21,,406486,8813,0,1
Contiki-NG,2022-03-31,4,21,,406492,8817,4,5
Contiki-NG,2022-04-30,4,21,,406473,8843,26,7
Contiki-NG,2022-05-31,4,21,,406334,8913,70,8
Contiki-NG,2022-06-30,4,21,,405821,9012,99,12
Contiki-NG,2022-07-31,4,21,,415039,9092,80,12
Contiki-NG,2022-08-31,4,21,,404608,9161,69,7
Contiki-NG,2022-09-30,4,21,,404731,9173,12,4
Contiki-NG,2022-10-31,4,21,,403771,9213,40,12
Contiki-NG,2022-11-30,4,21,,403859,9244,31,10
Contiki-NG,2022-12-31,4,21,,406128,9265,21,9
Contiki-NG,2023-01-31,4,21,,406148,9272,7,7
Contiki-NG,2023-02-28,4,21,,406187,9279,7,6
Contiki-NG,2023-03-31,4,21,,406195,9284,5,5
Contiki-NG,2023-04-30,4,21,,406198,9288,4,6
Contiki-NG,2023-05-31,4,21,,406237,9291,3,4
Contiki-NG,2023-06-30,4,21,,406309,9309,18,7
Contiki-NG,2023-07-31,4,21,,406810,9351,42,9
Contiki-NG,2023-08-31,4,21,,406638,9421,70,7
Contiki-NG,2023-09-30,4,21,,406149,9467,46,8
Contiki-NG,2023-10-31,4,21,,406094,9508,41,7
Contiki-NG,2023-11-30,4,21,,409178,9537,29,8
Contiki-NG,2023-12-31,4,21,,409166,9560,23,7
Contiki-NG,2024-01-31,4,21,,409289,9567,7,4
Contiki-NG,2024-02-29,4,21,,410356,9573,6,4
Contiki-NG,2024-03-31,4,21,,410364,9578,5,4
Contiki-NG,2024-04-30,4,21,,410360,9583,5,6
Contiki-NG,2023-05-25,4,21,,406237,9291,3,4
Contiki-NG,2024-04-25,4,21,,410360,9583,5,6
Contiki-NG,2024-05-25,4,21,,410350,9598,15,7
FreeRTOS-Kernel,2014-05-31,,,,2921412,2179,6,2
FreeRTOS-Kernel,2014-06-30,,,,2923802,2198,19,2
FreeRTOS-Kernel,2014-07-31,,,,3165107,2215,17,2
FreeRTOS-Kernel,2014-08-31,,,,3146905,2227,12,2
FreeRTOS-Kernel,2014-09-30,,,,3149256,2233,6,2
FreeRTOS-Kernel,2014-10-31,,,,3658849,2240,7,2
FreeRTOS-Kernel,2014-11-30,,,,3658849,2240,0,1
FreeRTOS-Kernel,2014-12-31,,,,3698797,2247,7,2
FreeRTOS-Kernel,2015-01-31,,,,3670293,2253,6,2
FreeRTOS-Kernel,2015-02-28,,,,3670361,2255,2,2
FreeRTOS-Kernel,2015-03-31,,,,4009663,2263,8,2
FreeRTOS-Kernel,2015-04-30,,,,4052626,2271,8,2
FreeRTOS-Kernel,2015-05-31,,,,4052679,2272,1,2
FreeRTOS-Kernel,2015-06-30,,,,4135309,2277,5,2
FreeRTOS-Kernel,2015-07-31,,,,4100108,2282,5,2
FreeRTOS-Kernel,2015-08-31,,,,4183832,2293,11,2
FreeRTOS-Kernel,2015-09-30,,,,4395629,2303,10,2
FreeRTOS-Kernel,2015-10-31,,,,4406328,2312,9,2
FreeRTOS-Kernel,2015-11-30,,,,4406657,2315,3,2
FreeRTOS-Kernel,2015-12-31,,,,4587848,2319,4,2
FreeRTOS-Kernel,2016-01-31,,,,4713242,2330,11,2
FreeRTOS-Kernel,2016-02-29,,,,4796240,2340,10,2
FreeRTOS-Kernel,2016-03-31,,,,4687028,2352,12,2
FreeRTOS-Kernel,2016-04-30,,,,4729222,2370,18,2
FreeRTOS-Kernel,2016-05-31,,,,4840122,2379,9,2
FreeRTOS-Kernel,2016-06-30,,,,4840196,2381,2,2
FreeRTOS-Kernel,2016-07-31,,,,4840196,2381,0,1
FreeRTOS-Kernel,2016-08-31,,,,4840520,2383,2,2
FreeRTOS-Kernel,2016-09-30,,,,4843983,2386,3,2
FreeRTOS-Kernel,2016-10-31,,,,4843983,2386,0,1
FreeRTOS-Kernel,2016-11-30,,,,4845936,2388,2,2
FreeRTOS-Kernel,2016-12-31,,,,4862394,2389,1,2
FreeRTOS-Kernel,2017-01-31,,,,4891126,2399,10,2
FreeRTOS-Kernel,2017-02-28,,,,4966213,2401,2,2
FreeRTOS-Kernel,2017-03-31,,,,4980636,2408,7,2
FreeRTOS-Kernel,2017-04-30,,,,4980758,2418,10,2
FreeRTOS-Kernel,2017-05-31,,,,4987828,2428,10,2
FreeRTOS-Kernel,2017-06-30,,,,4981896,2430,2,2
FreeRTOS-Kernel,2017-07-31,,,,4981896,2430,0,1
FreeRTOS-Kernel,2017-08-31,,,,5038866,2433,3,2
FreeRTOS-Kernel,2017-09-30,,,,5038866,2433,0,1
FreeRTOS-Kernel,2017-10-31,,,,5038866,2433,0,1
FreeRTOS-Kernel,2017-11-30,,,,4906673,2434,1,2
FreeRTOS-Kernel,2017-12-31,,,,4905260,2438,4,2
FreeRTOS-Kernel,2018-01-31,,,,4905270,2440,2,2
FreeRTOS-Kernel,2018-02-28,,,,4905459,2442,2,2
FreeRTOS-Kernel,2018-03-31,,,,4906382,2448,6,2
FreeRTOS-Kernel,2018-04-30,,,,4906476,2449,1,2
FreeRTOS-Kernel,2018-05-31,,,,4990894,2453,4,2
FreeRTOS-Kernel,2018-06-30,,,,5012122,2466,13,3
FreeRTOS-Kernel,2018-07-31,,,,5014378,2470,4,2
FreeRTOS-Kernel,2018-08-31,,,,4870635,2483,13,3
FreeRTOS-Kernel,2018-09-30,,,,4871058,2493,10,2
FreeRTOS-Kernel,2018-10-31,,,,4871371,2497,4,3
FreeRTOS-Kernel,2018-11-30,,,,4878092,2505,8,2
FreeRTOS-Kernel,2018-12-31,,,,4880003,2528,23,2
FreeRTOS-Kernel,2019-01-31,,,,4955117,2533,5,3
FreeRTOS-Kernel,2019-02-28,,,,4970727,2550,17,3
FreeRTOS-Kernel,2019-03-31,,,,4970746,2555,5,3
FreeRTOS-Kernel,2019-04-30,,,,4970801,2559,4,2
FreeRTOS-Kernel,2019-05-31,,,,5247464,2570,11,3
FreeRTOS-Kernel,2019-06-30,,,,5254194,2573,3,2
FreeRTOS-Kernel,2019-07-31,,,,5287862,2616,43,3
FreeRTOS-Kernel,2019-08-31,,,,5292238,2621,5,3
FreeRTOS-Kernel,2019-09-30,,,,5301518,2635,14,3
FreeRTOS-Kernel,2019-10-31,,,,5316528,2656,21,2
FreeRTOS-Kernel,2019-11-30,,,,5314583,2660,4,2
FreeRTOS-Kernel,2019-12-31,,,,5830976,2689,29,4
FreeRTOS-Kernel,2020-01-31,,,,5977079,2718,29,4
FreeRTOS-Kernel,2020-02-29,,,,182813,2738,20,9
FreeRTOS-Kernel,2020-03-31,,,,187007,2753,15,7
FreeRTOS-Kernel,2020-04-30,,,,188034,2758,5,5
FreeRTOS-Kernel,2020-05-31,,,,188361,2764,6,5
FreeRTOS-Kernel,2020-06-30,,,,188373,2768,4,4
FreeRTOS-Kernel,2020-07-31,,,,192489,2788,20,9
FreeRTOS-Kernel,2020-08-31,,,,195442,2817,29,15
FreeRTOS-Kernel,2020-09-30,,,,200661,2839,22,15
FreeRTOS-Kernel,2020-10-31,,,,207782,2861,22,13
FreeRTOS-Kernel,2020-11-30,,,,207871,2867,6,3
FreeRTOS-Kernel,2020-12-31,,,,201457,2882,15,8
FreeRTOS-Kernel,2021-01-31,,,,201463,2889,7,6
FreeRTOS-Kernel,2021-02-28,,,,201502,2895,6,7
FreeRTOS-Kernel,2021-03-31,,,,201632,2916,21,13
FreeRTOS-Kernel,2021-04-30,,,,201697,2927,11,8
FreeRTOS-Kernel,2021-05-31,,,,202498,2944,17,7
FreeRTOS-Kernel,2021-06-30,,,,203654,2953,9,8
FreeRTOS-Kernel,2021-07-31,,,,205192,2960,7,8
FreeRTOS-Kernel,2021-08-31,,,,205199,2967,7,7
FreeRTOS-Kernel,2021-09-30,,,,205038,2979,12,5
FreeRTOS-Kernel,2021-10-31,,,,205064,2985,6,7
FreeRTOS-Kernel,2021-11-30,,,,205228,2999,14,10
FreeRTOS-Kernel,2021-12-31,,,,205255,3008,9,9
FreeRTOS-Kernel,2022-01-31,,,,206265,3019,11,10
FreeRTOS-Kernel,2022-02-28,,,,206601,3032,13,9
FreeRTOS-Kernel,2022-03-31,,,,206593,3037,5,4
FreeRTOS-Kernel,2022-04-30,,,,206664,3047,10,8
FreeRTOS-Kernel,2022-05-31,,,,206664,3048,1,2
FreeRTOS-Kernel,2022-06-30,,,,217120,3059,11,9
FreeRTOS-Kernel,2022-07-31,,,,217145,3062,3,4
FreeRTOS-Kernel,2022-08-31,,,,217522,3082,20,13
FreeRTOS-Kernel,2022-09-30,,,,230496,3096,14,9
FreeRTOS-Kernel,2022-10-31,,,,232060,3102,6,7
FreeRTOS-Kernel,2022-11-30,,,,221157,3128,26,9
FreeRTOS-Kernel,2022-12-31,,,,221169,3130,2,3
FreeRTOS-Kernel,2023-01-31,,,,221374,3134,4,5
FreeRTOS-Kernel,2023-02-28,,,,233233,3143,9,10
FreeRTOS-Kernel,2023-03-31,,,,234434,3158,15,12
FreeRTOS-Kernel,2023-04-30,,,,235171,3164,6,4
FreeRTOS-Kernel,2023-05-31,,,,239697,3171,7,6
FreeRTOS-Kernel,2023-06-30,,,,240338,3181,10,5
FreeRTOS-Kernel,2023-07-31,,,,333917,3208,27,13
FreeRTOS-Kernel,2023-08-31,,,,333704,3229,21,11
FreeRTOS-Kernel,2023-09-30,,,,342614,3259,30,12
FreeRTOS-Kernel,2023-10-31,,,,343803,3290,31,15
FreeRTOS-Kernel,2023-11-30,,,,335047,3320,30,10
FreeRTOS-Kernel,2023-12-31,,,,337093,3355,35,9
FreeRTOS-Kernel,2024-01-31,,,,337941,3394,39,19
FreeRTOS-Kernel,2024-02-29,,,,341172,3417,23,11
FreeRTOS-Kernel,2024-03-31,,,,344361,3429,12,7
FreeRTOS-Kernel,2024-04-30,,,,344604,3454,25,12
FreeRTOS-Kernel,2023-05-25,,,,239681,3170,8,7
FreeRTOS-Kernel,2024-04-25,,,,344602,3453,30,11
FreeRTOS-Kernel,2024-05-25,,,,344666,3466,13,10
Amazon FreeRTOS,2014-05-31,,,,,,,
Amazon FreeRTOS,2014-06-30,,,,,,,
Amazon FreeRTOS,2014-07-31,,,,,,,
Amazon FreeRTOS,2014-08-31,,,,,,,
Amazon FreeRTOS,2014-09-30,,,,,,,
Amazon FreeRTOS,2014-10-31,,,,,,,
Amazon FreeRTOS,2014-11-30,,,,,,,
Amazon FreeRTOS,2014-12-31,,,,,,,
Amazon FreeRTOS,2015-01-31,,,,,,,
Amazon FreeRTOS,2015-02-28,,,,,,,
Amazon FreeRTOS,2015-03-31,,,,,,,
Amazon FreeRTOS,2015-04-30,,,,,,,
Amazon FreeRTOS,2015-05-31,,,,,,,
Amazon FreeRTOS,2015-06-30,,,,,,,
Amazon FreeRTOS,2015-07-31,,,,,,,
Amazon FreeRTOS,2015-08-31,,,,,,,
Amazon FreeRTOS,2015-09-30,,,,,,,
Amazon FreeRTOS,2015-10-31,,,,,,,
Amazon FreeRTOS,2015-11-30,,,,,,,
Amazon FreeRTOS,2015-12-31,,,,,,,
Amazon FreeRTOS,2016-01-31,,,,,,,
Amazon FreeRTOS,2016-02-29,,,,,,,
Amazon FreeRTOS,2016-03-31,,,,,,,
Amazon FreeRTOS,2016-04-30,,,,,,,
Amazon FreeRTOS,2016-05-31,,,,,,,
Amazon FreeRTOS,2016-06-30,,,,,,,
Amazon FreeRTOS,2016-07-31,,,,,,,
Amazon FreeRTOS,2016-08-31,,,,,,,
Amazon FreeRTOS,2016-09-30,,,,,,,
Amazon FreeRTOS,2016-10-31,,,,,,,
Amazon FreeRTOS,2016-11-30,,,,,,,
Amazon FreeRTOS,2016-12-31,,,,,,,
Amazon FreeRTOS,2017-01-31,,,,,,,
Amazon FreeRTOS,2017-02-28,,,,,,,
Amazon FreeRTOS,2017-03-31,,,,,,,
Amazon FreeRTOS,2017-04-30,,,,,,,
Amazon FreeRTOS,2017-05-31,,,,,,,
Amazon FreeRTOS,2017-06-30,,,,,,,
Amazon FreeRTOS,2017-07-31,,,,,,,
Amazon FreeRTOS,2017-08-31,,,,,,,
Amazon FreeRTOS,2017-09-30,,,,,,,
Amazon FreeRTOS,2017-10-31,,,,,,,
Amazon FreeRTOS,2017-11-30,,,,873422,2,2,3
Amazon FreeRTOS,2017-12-31,,,,1275793,3,1,2
Amazon FreeRTOS,2018-01-31,,,,1275793,3,0,1
Amazon FreeRTOS,2018-02-28,,,,1278977,5,2,2
Amazon FreeRTOS,2018-03-31,,,,1293162,7,2,2
Amazon FreeRTOS,2018-04-30,,,,1293162,7,0,1
Amazon FreeRTOS,2018-05-31,,,,1823021,11,4,3
Amazon FreeRTOS,2018-06-30,,,,1836501,12,1,2
Amazon FreeRTOS,2018-07-31,,,,1836501,12,0,1
Amazon FreeRTOS,2018-08-31,,,,2050638,18,6,3
Amazon FreeRTOS,2018-09-30,,,,2050638,18,0,1
Amazon FreeRTOS,2018-10-31,,,,2376716,20,2,2
Amazon FreeRTOS,2018-11-30,,,,2668590,43,23,12
Amazon FreeRTOS,2018-12-31,,,,3292226,51,8,8
Amazon FreeRTOS,2019-01-31,,,,3673156,72,21,10
Amazon FreeRTOS,2019-02-28,,,,3878360,92,20,14
Amazon FreeRTOS,2019-03-31,,,,3901486,116,24,13
Amazon FreeRTOS,2019-04-30,,,,3904134,128,12,14
Amazon FreeRTOS,2019-05-31,,,,4088178,145,17,27
Amazon FreeRTOS,2019-06-30,,,,4884172,181,36,41
Amazon FreeRTOS,2019-07-31,,,,4999437,256,75,37
Amazon FreeRTOS,2019-08-31,,,,5246295,318,62,44
Amazon FreeRTOS,2019-09-30,,,,5109704,389,71,29
Amazon FreeRTOS,2019-10-31,,,,5144546,529,140,41
Amazon FreeRTOS,2019-11-30,,,,5818377,573,44,24
Amazon FreeRTOS,2019-12-31,,,,5829611,611,38,28
Amazon FreeRTOS,2020-01-31,,,,5834679,644,33,14
Amazon FreeRTOS,2020-02-29,,,,5842049,670,26,18
Amazon FreeRTOS,2020-03-31,,,,3961606,715,45,30
Amazon FreeRTOS,2020-04-30,,,,3869343,770,55,19
Amazon FreeRTOS,2020-05-31,,,,3874923,819,49,18
Amazon FreeRTOS,2020-06-30,,,,4395822,891,72,23
Amazon FreeRTOS,2020-07-31,,,,5207880,935,44,25
Amazon FreeRTOS,2020-08-31,,,,5210565,976,41,19
Amazon FreeRTOS,2020-09-30,,,,5218482,1019,43,30
Amazon FreeRTOS,2020-10-31,,,,5202154,1126,107,31
Amazon FreeRTOS,2020-11-30,,,,5206444,1190,64,24
Amazon FreeRTOS,2020-12-31,,,,4828964,1249,59,19
Amazon FreeRTOS,2021-01-31,,,,4833201,1266,17,13
Amazon FreeRTOS,2021-02-28,,,,4837209,1300,34,16
Amazon FreeRTOS,2021-03-31,,,,4837403,1319,19,15
Amazon FreeRTOS,2021-04-30,,,,4838854,1338,19,14
Amazon FreeRTOS,2021-05-31,,,,4354434,1360,22,18
Amazon FreeRTOS,2021-06-30,,,,4214514,1429,69,23
Amazon FreeRTOS,2021-07-31,,,,4215010,1460,31,18
Amazon FreeRTOS,2021-08-31,,,,4213556,1469,9,8
Amazon FreeRTOS,2021-09-30,,,,4215683,1474,5,9
Amazon FreeRTOS,2021-10-31,,,,4215770,1482,8,8
Amazon FreeRTOS,2021-11-30,,,,4216265,1487,5,6
Amazon FreeRTOS,2021-12-31,,,,4216632,1491,4,4
Amazon FreeRTOS,2022-01-31,,,,4216499,1493,2,3
Amazon FreeRTOS,2022-02-28,,,,4216499,1493,0,1
Amazon FreeRTOS,2022-03-31,,,,4216548,1499,6,6
Amazon FreeRTOS,2022-04-30,,,,4216548,1501,2,3
Amazon FreeRTOS,2022-05-31,,,,4216588,1502,1,2
Amazon FreeRTOS,2022-06-30,,,,4215015,1508,6,4
Amazon FreeRTOS,2022-07-31,,,,4215034,1511,3,4
Amazon FreeRTOS,2022-08-31,,,,4215037,1515,4,4
Amazon FreeRTOS,2022-09-30,,,,4215037,1516,1,2
Amazon FreeRTOS,2022-10-31,,,,4215037,1516,0,1
Amazon FreeRTOS,2022-11-30,,,,4215062,1517,1,2
Amazon FreeRTOS,2022-12-31,,,,4215062,1517,0,1
Amazon FreeRTOS,2023-01-31,,,,4215062,1517,0,1
Amazon FreeRTOS,2023-02-28,,,,4215062,1517,0,1
Amazon FreeRTOS,2023-03-31,,,,4215062,1517,0,1
Amazon FreeRTOS,2023-04-30,,,,4215062,1517,0,1
Amazon FreeRTOS,2023-05-31,,,,4215062,1517,0,1
Amazon FreeRTOS,2023-06-30,,,,4215062,1517,0,1
Amazon FreeRTOS,2023-07-31,,,,4215062,1517,0,1
Amazon FreeRTOS,2023-08-31,,,,4215062,1517,0,1
Amazon FreeRTOS,2023-09-30,,,,4215062,1517,0,1
Amazon FreeRTOS,2023-10-31,,,,4215062,1517,0,1
Amazon FreeRTOS,2023-11-30,,,,4215062,1517,0,1
Amazon FreeRTOS,2023-12-31,,,,4215062,1517,0,1
Amazon FreeRTOS,2024-01-31,,,,4215062,1517,0,1
Amazon FreeRTOS,2024-02-29,,,,4215062,1517,0,1
Amazon FreeRTOS,2024-03-31,,,,4215062,1517,0,1
Amazon FreeRTOS,2024-04-30,,,,4215062,1517,0,1
Amazon FreeRTOS,2023-05-25,,,,4215062,1517,0,1
Amazon FreeRTOS,2024-04-25,,,,4215062,1517,0,1
Amazon FreeRTOS,2024-05-25,,,,4215062,1517,0,1
Apache Mynewt,2014-05-31,,,,,,,
Apache Mynewt,2014-06-30,,,,,,,
Apache Mynewt,2014-07-31,,,,,,,
Apache Mynewt,2014-08-31,,,,,,,
Apache Mynewt,2014-09-30,,,,,,,
Apache Mynewt,2014-10-31,,,,,,,
Apache Mynewt,2014-11-30,,,,,,,
Apache Mynewt,2014-12-31,,,,,,,
Apache Mynewt,2015-01-31,,,,,,,
Apache Mynewt,2015-02-28,,,,,,,
Apache Mynewt,2015-03-31,,,,,,,
Apache Mynewt,2015-04-30,,,,,,,
Apache Mynewt,2015-05-31,,,,,,,
Apache Mynewt,2015-06-30,0,0,2,10804,7,7,2
Apache Mynewt,2015-07-31,0,0,3,75105,115,108,4
Apache Mynewt,2015-08-31,0,0,3,87690,210,95,4
Apache Mynewt,2015-09-30,0,0,5,156775,265,55,7
Apache Mynewt,2015-10-31,0,0,5,174693,324,59,9
Apache Mynewt,2015-11-30,0,0,5,210116,464,140,6
Apache Mynewt,2015-12-31,0,0,5,225797,628,164,5
Apache Mynewt,2016-01-31,0,0,5,250541,843,215,5
Apache Mynewt,2016-02-29,0,0,6,214635,1010,167,6
Apache Mynewt,2016-03-31,0,10,7,312799,1140,130,11
Apache Mynewt,2016-04-30,0,10,8,315266,1281,141,10
Apache Mynewt,2016-05-31,0,11,10,327654,1434,153,11
Apache Mynewt,2016-06-30,0,11,11,349317,1630,196,9
Apache Mynewt,2016-07-31,0,13,11,765685,1732,102,7
Apache Mynewt,2016-08-31,0,14,11,772970,1837,105,6
Apache Mynewt,2016-09-30,0,15,13,907639,1927,90,10
Apache Mynewt,2016-10-31,0,16,14,993905,2169,242,11
Apache Mynewt,2016-11-30,0,17,15,879102,2288,119,11
Apache Mynewt,2016-12-31,0,17,15,879102,2289,1,2
Apache Mynewt,2017-01-31,0,17,15,879102,2290,1,2
Apache Mynewt,2017-02-28,0,17,15,879103,2292,2,2
Apache Mynewt,2017-03-31,5,21,20,949693,2296,4,9
Apache Mynewt,2017-04-30,6,22,30,1515298,2325,29,17
Apache Mynewt,2017-05-31,7,24,30,1537593,2359,34,18
Apache Mynewt,2017-06-30,7,25,35,1557941,2426,67,23
Apache Mynewt,2017-07-31,8,27,37,1581583,2496,70,21
Apache Mynewt,2017-08-31,8,29,37,1587897,2538,42,20
Apache Mynewt,2017-09-30,9,29,38,1615718,2621,83,21
Apache Mynewt,2017-10-31,12,31,38,1693182,2680,59,23
Apache Mynewt,2017-11-30,12,31,39,1768633,2727,47,17
Apache Mynewt,2017-12-31,12,31,39,1775014,2746,19,16
Apache Mynewt,2018-01-31,12,30,41,2027713,2809,63,17
Apache Mynewt,2018-02-28,12,31,46,3057507,2886,77,20
Apache Mynewt,2018-03-31,15,31,49,2935399,2989,103,21
Apache Mynewt,2018-04-30,17,31,49,2935023,3069,80,25
Apache Mynewt,2018-05-31,17,32,49,2971614,3149,80,24
Apache Mynewt,2018-06-30,18,32,49,2985243,3216,67,18
Apache Mynewt,2018-07-31,19,32,50,3646110,3286,70,18
Apache Mynewt,2018-08-31,20,33,51,3641771,3349,63,16
Apache Mynewt,2018-09-30,20,33,52,3906761,3406,57,11
Apache Mynewt,2018-10-31,21,33,60,4173460,3463,57,17
Apache Mynewt,2018-11-30,21,34,61,4184781,3554,91,12
Apache Mynewt,2018-12-31,21,35,61,4194479,3630,76,12
Apache Mynewt,2019-01-31,21,35,61,4211967,3705,75,16
Apache Mynewt,2019-02-28,21,35,61,4206734,3751,46,14
Apache Mynewt,2019-03-31,21,36,62,4224166,3859,108,17
Apache Mynewt,2019-04-30,22,25,59,4243883,3983,124,16
Apache Mynewt,2019-05-31,27,25,60,4266313,4035,52,19
Apache Mynewt,2019-06-30,27,26,61,4400256,4116,81,20
Apache Mynewt,2019-07-31,27,26,61,4400968,4145,29,16
Apache Mynewt,2019-08-31,28,27,61,4408425,4224,79,13
Apache Mynewt,2019-09-30,28,27,61,4410099,4292,68,10
Apache Mynewt,2019-10-31,28,27,62,4630472,4397,105,19
Apache Mynewt,2019-11-30,28,27,61,4629382,4439,42,10
Apache Mynewt,2019-12-31,28,27,62,4631497,4474,35,9
Apache Mynewt,2020-01-31,28,27,62,4631816,4512,38,11
Apache Mynewt,2020-02-29,28,27,63,4732308,4555,43,11
Apache Mynewt,2020-03-31,28,27,65,4737803,4589,34,15
Apache Mynewt,2020-04-30,28,27,65,4742230,4617,28,13
Apache Mynewt,2020-05-31,28,27,65,4745666,4641,24,11
Apache Mynewt,2020-06-30,28,27,65,4746727,4668,27,10
Apache Mynewt,2020-07-31,28,27,65,4747302,4679,11,8
Apache Mynewt,2020-08-31,30,28,66,4759275,4699,20,10
Apache Mynewt,2020-09-30,30,28,69,4805847,4729,30,12
Apache Mynewt,2020-10-31,30,28,69,4806379,4750,21,10
Apache Mynewt,2020-11-30,30,28,69,4807311,4774,24,8
Apache Mynewt,2020-12-31,30,28,69,4807726,4800,26,9
Apache Mynewt,2021-01-31,30,28,69,4807789,4810,10,8
Apache Mynewt,2021-02-28,30,29,71,4951194,4877,67,13
Apache Mynewt,2021-03-31,30,31,71,4971924,4941,64,10
Apache Mynewt,2021-04-30,30,31,71,4973100,4977,36,12
Apache Mynewt,2021-05-31,30,31,71,4974199,5001,24,7
Apache Mynewt,2021-06-30,30,31,71,4974719,5033,32,9
Apache Mynewt,2021-07-31,30,31,71,4975493,5049,16,6
Apache Mynewt,2021-08-31,30,31,73,4982234,5087,38,8
Apache Mynewt,2021-09-30,30,31,73,4982457,5104,17,6
Apache Mynewt,2021-10-31,30,31,73,4983193,5127,23,7
Apache Mynewt,2021-11-30,30,31,74,4984253,5149,22,5
Apache Mynewt,2021-12-31,30,31,74,4984572,5166,17,3
Apache Mynewt,2022-01-31,30,31,75,4986054,5183,17,5
Apache Mynewt,2022-02-28,32,31,76,4985345,5223,40,8
Apache Mynewt,2022-03-31,32,31,77,5065408,5241,18,5
Apache Mynewt,2022-04-30,32,31,78,5074992,5275,34,7
Apache Mynewt,2022-05-31,32,31,78,5157219,5294,19,6
Apache Mynewt,2022-06-30,32,31,78,5157569,5309,15,8
Apache Mynewt,2022-07-31,32,31,78,5157569,5309,0,1
Apache Mynewt,2022-08-31,32,31,79,5158978,5324,15,5
Apache Mynewt,2022-09-30,32,31,79,5104975,5346,22,4
Apache Mynewt,2022-10-31,32,31,79,5105832,5379,33,5
Apache Mynewt,2022-11-30,32,31,79,5105837,5381,2,3
Apache Mynewt,2022-12-31,32,31,79,5105889,5386,5,5
Apache Mynewt,2023-01-31,32,31,80,5109931,5410,24,5
Apache Mynewt,2023-02-28,32,31,80,5110290,5419,9,4
Apache Mynewt,2023-03-31,32,31,80,5110398,5430,11,4
Apache Mynewt,2023-04-30,32,31,81,1594697,5469,39,2
Apache Mynewt,2023-05-31,32,32,81,1292361,5513,44,7
Apache Mynewt,2023-06-30,32,32,82,1283640,5551,38,9
Apache Mynewt,2023-07-31,32,32,82,1284025,5566,15,4
Apache Mynewt,2023-08-31,32,32,82,1164539,5578,12,4
Apache Mynewt,2023-09-30,32,32,82,1167614,5609,31,8
Apache Mynewt,2023-10-31,32,32,82,1168050,5628,19,4
Apache Mynewt,2023-11-30,32,32,82,1168106,5633,5,4
Apache Mynewt,2023-12-31,32,32,82,1168129,5640,7,5
Apache Mynewt,2024-01-31,32,32,83,1178935,5658,18,3
Apache Mynewt,2024-02-29,32,32,83,1134280,5676,18,6
Apache Mynewt,2024-03-31,32,32,85,1142994,5710,34,4
Apache Mynewt,2024-04-30,32,32,85,1145759,5766,56,5
Apache Mynewt,2023-05-25,32,32,81,1292787,5490,26,5
Apache Mynewt,2024-04-25,32,32,85,1145759,5766,57,5
Apache Mynewt,2024-05-25,32,32,86,1149729,5801,35,7
RIOT OS,2014-05-31,11,7,21,161883,1069,107,20
RIOT OS,2014-06-30,12,8,21,160385,1130,61,16
RIOT OS,2014-07-31,13,8,23,185770,1212,82,17
RIOT OS,2014-08-31,13,8,28,226948,1315,103,15
RIOT OS,2014-09-30,14,8,31,263391,1381,66,20
RIOT OS,2014-10-31,18,8,33,282591,1517,136,24
RIOT OS,2014-11-30,22,8,37,295087,1661,144,29
RIOT OS,2014-12-31,23,8,37,303509,1748,87,21
RIOT OS,2015-01-31,28,8,39,318162,1831,83,26
RIOT OS,2015-02-28,29,8,39,336780,1917,86,20
RIOT OS,2015-03-31,31,8,40,349461,2062,145,24
RIOT OS,2015-04-30,32,8,41,386514,2181,119,25
RIOT OS,2015-05-31,37,8,43,449691,2343,162,30
RIOT OS,2015-06-30,37,9,44,459867,2433,90,26
RIOT OS,2015-07-31,39,9,47,521889,2606,173,30
RIOT OS,2015-08-31,34,7,50,477438,2749,143,25
RIOT OS,2015-09-30,36,9,49,477502,2950,201,19
RIOT OS,2015-10-31,38,9,51,506972,3055,105,22
RIOT OS,2015-11-30,38,10,52,515004,3165,110,23
RIOT OS,2015-12-31,41,14,53,524733,3257,92,30
RIOT OS,2016-01-31,41,14,53,528238,3338,81,24
RIOT OS,2016-02-29,44,14,54,548815,3444,106,25
RIOT OS,2016-03-31,47,15,55,564253,3706,262,43
RIOT OS,2016-04-30,47,15,57,579630,3795,89,31
RIOT OS,2016-05-31,47,15,57,580071,3821,26,14
RIOT OS,2016-06-30,47,15,61,583110,3882,61,28
RIOT OS,2016-07-31,48,15,63,592088,3950,68,22
RIOT OS,2016-08-31,48,15,63,592809,3987,37,21
RIOT OS,2016-09-30,49,15,69,706691,4065,78,27
RIOT OS,2016-10-31,51,16,73,728135,4148,83,36
RIOT OS,2016-11-30,51,18,75,733392,4220,72,25
RIOT OS,2016-12-31,51,19,75,734555,4270,50,24
RIOT OS,2017-01-31,56,21,78,785785,4460,190,38
RIOT OS,2017-02-28,55,19,82,816884,4544,84,29
RIOT OS,2017-03-31,63,21,94,978663,4651,107,31
RIOT OS,2017-04-30,65,21,98,1010735,4754,103,22
RIOT OS,2017-05-31,66,21,101,1053432,4845,91,27
RIOT OS,2017-06-30,68,22,105,1150087,4960,115,29
RIOT OS,2017-07-31,69,22,107,1235869,5015,55,18
RIOT OS,2017-08-31,73,22,110,1263039,5092,77,20
RIOT OS,2017-09-30,74,22,109,1261505,5153,61,23
RIOT OS,2017-10-31,75,21,112,1289140,5281,128,28
RIOT OS,2017-11-30,77,21,101,1307940,5470,189,36
RIOT OS,2017-12-31,77,21,103,1335259,5564,94,25
RIOT OS,2018-01-31,83,21,107,1354618,5674,110,38
RIOT OS,2018-02-28,84,21,109,1406984,5777,103,31
RIOT OS,2018-03-31,86,21,114,1490988,5913,136,31
RIOT OS,2018-04-30,86,25,116,1550380,6034,121,31
RIOT OS,2018-05-31,89,27,119,1616454,6153,119,30
RIOT OS,2018-06-30,89,29,121,1658917,6260,107,38
RIOT OS,2018-07-31,89,31,123,1681301,6360,100,30
RIOT OS,2018-08-31,90,31,126,1731401,6486,126,38
RIOT OS,2018-09-30,91,31,130,1753282,6593,107,40
RIOT OS,2018-10-31,94,33,137,1852244,6720,127,44
RIOT OS,2018-11-30,94,33,137,1856418,6830,110,37
RIOT OS,2018-12-31,96,33,141,1866212,6940,110,32
RIOT OS,2019-01-31,99,33,144,1978236,7116,176,39
RIOT OS,2019-02-28,103,33,144,1991908,7196,80,28
RIOT OS,2019-03-31,104,34,148,2002699,7365,169,45
RIOT OS,2019-04-30,104,34,149,2002845,7439,74,34
RIOT OS,2019-05-31,105,34,155,2014379,7556,117,37
RIOT OS,2019-06-30,105,36,156,2143680,7663,107,31
RIOT OS,2019-07-31,106,36,158,2168700,7758,95,38
RIOT OS,2019-08-31,107,36,158,2204240,7877,119,42
RIOT OS,2019-09-30,110,37,162,2259980,8067,190,51
RIOT OS,2019-10-31,111,38,168,2280775,8285,218,45
RIOT OS,2019-11-30,115,40,173,2320843,8465,180,41
RIOT OS,2019-12-31,118,42,173,2353187,8575,110,41
RIOT OS,2020-01-31,119,42,178,2371887,8742,167,50
RIOT OS,2020-02-29,124,41,179,2446910,8932,190,46
RIOT OS,2020-03-31,131,41,185,2529749,9146,214,51
RIOT OS,2020-04-30,134,41,188,2539936,9321,175,35
RIOT OS,2020-05-31,135,41,190,2604530,9484,163,41
RIOT OS,2020-06-30,140,41,196,2645497,9690,206,40
RIOT OS,2020-07-31,142,44,195,1932094,9878,188,42
RIOT OS,2020-08-31,141,44,198,2006595,10037,159,35
RIOT OS,2020-09-30,144,44,201,2013099,10203,166,34
RIOT OS,2020-10-31,145,44,204,2023612,10381,178,34
RIOT OS,2020-11-30,147,45,209,2198119,10533,152,29
RIOT OS,2020-12-31,149,45,218,2258835,10676,143,32
RIOT OS,2021-01-31,153,45,220,2377720,10837,161,36
RIOT OS,2021-02-28,153,45,225,2388393,10989,152,33
RIOT OS,2021-03-31,154,45,228,2398823,11085,96,33
RIOT OS,2021-04-30,156,45,230,2404877,11176,91,34
RIOT OS,2021-05-31,156,45,230,2414933,11237,61,29
RIOT OS,2021-06-30,156,45,231,2419387,11311,74,24
RIOT OS,2021-07-31,156,47,234,2477262,11385,74,25
RIOT OS,2021-08-31,157,47,236,2515677,11454,69,27
RIOT OS,2021-09-30,157,49,236,2528908,11560,106,35
RIOT OS,2021-10-31,157,49,237,2532214,11646,86,32
RIOT OS,2021-11-30,157,49,239,2533534,11799,153,30
RIOT OS,2021-12-31,159,52,239,2543566,11937,138,26
RIOT OS,2022-01-31,160,52,240,2556468,12061,124,27
RIOT OS,2022-02-28,161,53,240,2562078,12156,95,24
RIOT OS,2022-03-31,162,55,242,2578526,12292,136,31
RIOT OS,2022-04-30,164,56,243,2585235,12400,108,32
RIOT OS,2022-05-31,165,57,243,2591989,12498,98,26
RIOT OS,2022-06-30,166,57,243,2540838,12601,103,24
RIOT OS,2022-07-31,167,57,243,2546488,12694,93,24
RIOT OS,2022-08-31,167,57,247,2560819,12800,106,26
RIOT OS,2022-09-30,168,59,245,2484640,12898,98,32
RIOT OS,2022-10-31,169,59,247,2983962,13014,116,30
RIOT OS,2022-11-30,169,59,247,2986275,13122,108,23
RIOT OS,2022-12-31,169,59,247,2991499,13168,46,23
RIOT OS,2023-01-31,169,59,250,3001229,13250,82,21
RIOT OS,2023-02-28,172,59,253,3020512,13327,77,17
RIOT OS,2023-03-31,172,59,254,3138459,13386,59,19
RIOT OS,2023-04-30,173,59,254,3139089,13428,42,17
RIOT OS,2023-05-31,173,59,256,3115677,13510,82,21
RIOT OS,2023-06-30,173,60,258,3122051,13557,47,18
RIOT OS,2023-07-31,173,60,262,3165337,13595,38,16
RIOT OS,2023-08-31,175,60,263,3174516,13620,25,14
RIOT OS,2023-09-30,176,61,265,3593684,13655,35,13
RIOT OS,2023-10-31,176,61,266,3596310,13683,28,17
RIOT OS,2023-11-30,176,61,266,3617892,13738,55,21
RIOT OS,2023-12-31,176,61,266,3620549,13807,69,23
RIOT OS,2024-01-31,176,61,268,3625731,13891,84,23
RIOT OS,2024-02-29,176,61,271,3634118,13973,82,24
RIOT OS,2024-03-31,175,61,272,3641845,14054,81,35
RIOT OS,2024-04-30,175,61,273,3670109,14128,74,25
RIOT OS,2023-05-25,173,59,255,3114389,13499,79,21
RIOT OS,2024-04-25,175,61,273,3670054,14117,94,28
RIOT OS,2024-05-25,176,61,274,3695614,14181,64,21
Apache NuttX,2014-05-31,0,,94,1327649,7486,101,2
Apache NuttX,2014-06-30,0,,96,1368876,7751,265,2
Apache NuttX,2014-07-31,0,,96,1388699,8092,341,2
Apache NuttX,2014-08-31,0,,97,1411239,8461,369,2
Apache NuttX,2014-09-30,0,,95,1419031,8842,381,2
Apache NuttX,2014-10-31,0,,97,1459359,9144,302,2
Apache NuttX,2014-11-30,0,,98,1504431,9406,262,2
Apache NuttX,2014-12-31,1,,99,1551505,9674,268,2
Apache NuttX,2015-01-31,1,,98,1578179,10001,326,2
Apache NuttX,2015-02-28,1,,102,1619628,10341,340,4
Apache NuttX,2015-03-31,1,,104,1683660,10648,307,2
Apache NuttX,2015-04-30,1,,104,1702514,10896,248,2
Apache NuttX,2015-05-31,1,,107,1738945,11192,296,2
Apache NuttX,2015-06-30,1,,0,1391959,11421,229,8
Apache NuttX,2015-07-31,1,,0,537730,11678,257,14
Apache NuttX,2015-08-31,1,,0,547503,11829,151,16
Apache NuttX,2015-09-30,1,,0,549951,11895,66,8
Apache NuttX,2015-10-31,1,,0,556699,11961,66,6
Apache NuttX,2015-11-30,1,,0,566397,12115,154,12
Apache NuttX,2015-12-31,1,,0,572606,12216,101,5
Apache NuttX,2016-01-31,1,,0,579816,12371,155,14
Apache NuttX,2016-02-29,1,,0,583395,12533,162,5
Apache NuttX,2016-03-31,1,,0,585842,12617,84,9
Apache NuttX,2016-04-30,1,,121,1998866,12757,140,14
Apache NuttX,2016-05-31,1,,124,2016278,12933,176,19
Apache NuttX,2016-06-30,1,,126,2069330,13316,383,28
Apache NuttX,2016-07-31,1,,127,2105904,13592,276,23
Apache NuttX,2016-08-31,1,,128,2133008,13804,212,17
Apache NuttX,2016-09-30,1,,129,2138389,13859,55,15
Apache NuttX,2016-10-31,1,,131,2207440,14024,165,19
Apache NuttX,2016-11-30,1,,133,2227842,14251,227,19
Apache NuttX,2016-12-31,1,,130,2222625,14461,210,16
Apache NuttX,2017-01-31,1,,130,2230702,14612,151,12
Apache NuttX,2017-02-28,2,,133,2258497,14818,206,16
Apache NuttX,2017-03-31,2,,136,2293586,15171,353,35
Apache NuttX,2017-04-30,2,,138,2305541,15413,242,29
Apache NuttX,2017-05-31,2,,142,2376271,15567,154,22
Apache NuttX,2017-06-30,2,,142,2396264,15760,193,25
Apache NuttX,2017-07-31,2,,145,2457938,15942,182,23
Apache NuttX,2017-08-31,26,,146,2497893,16199,257,27
Apache NuttX,2017-09-30,26,,147,2528310,16363,164,26
Apache NuttX,2017-10-31,28,,147,2549798,16587,224,14
Apache NuttX,2017-11-30,28,,147,2560006,16793,206,18
Apache NuttX,2017-12-31,28,,150,2602269,16936,143,13
Apache NuttX,2018-01-31,29,,152,2621532,17069,133,21
Apache NuttX,2018-02-28,29,,152,2635391,17197,128,20
Apache NuttX,2018-03-31,30,,153,2666114,17324,127,16
Apache NuttX,2018-04-30,32,,154,2693379,17492,168,31
Apache NuttX,2018-05-31,33,,154,2710049,17637,145,18
Apache NuttX,2018-06-30,34,,155,2718431,17804,167,17
Apache NuttX,2018-07-31,34,,156,2763484,17963,159,20
Apache NuttX,2018-08-31,36,,157,2798210,18263,300,30
Apache NuttX,2018-09-30,37,,157,2822051,18415,152,20
Apache NuttX,2018-10-31,39,,159,2837810,18526,111,20
Apache NuttX,2018-11-30,39,,161,2885325,18809,283,27
Apache NuttX,2018-12-31,39,,167,2924496,18969,160,19
Apache NuttX,2019-01-31,42,,168,2983647,19219,250,27
Apache NuttX,2019-02-28,42,,168,3000362,19359,140,16
Apache NuttX,2019-03-31,43,,170,3043320,19562,203,26
Apache NuttX,2019-04-30,43,,171,3062372,19671,109,26
Apache NuttX,2019-05-31,43,,172,3106636,19811,140,20
Apache NuttX,2019-06-30,45,,175,3187068,19973,162,27
Apache NuttX,2019-07-31,48,,176,3219083,20134,161,30
Apache NuttX,2019-08-31,50,,238,3290523,20409,275,32
Apache NuttX,2019-09-30,51,,240,3298459,20566,157,29
Apache NuttX,2019-10-31,51,,246,3372173,20719,153,26
Apache NuttX,2019-11-30,51,,250,3400423,20937,218,29
Apache NuttX,2019-12-31,52,,253,3417067,21058,121,26
Apache NuttX,2020-01-31,52,,256,3439972,21251,193,38
Apache NuttX,2020-02-29,52,,260,3460077,21541,290,27
Apache NuttX,2020-03-31,52,,266,3512398,21906,365,41
Apache NuttX,2020-04-30,52,,267,3538665,22272,366,33
Apache NuttX,2020-05-31,53,,208,3548623,22622,350,34
Apache NuttX,2020-06-30,53,,210,3573147,22876,254,30
Apache NuttX,2020-07-31,53,,211,3599399,23086,210,27
Apache NuttX,2020-08-31,53,,213,3615960,23321,235,33
Apache NuttX,2020-09-30,53,,214,3649741,23603,282,38
Apache NuttX,2020-10-31,55,,214,3676964,23903,300,42
Apache NuttX,2020-11-30,55,,214,3700747,24730,827,44
Apache NuttX,2020-12-31,55,,221,3738249,25175,445,40
Apache NuttX,2021-01-31,55,,221,3748350,25410,235,30
Apache NuttX,2021-02-28,56,,223,3767264,25630,220,34
Apache NuttX,2021-03-31,56,,227,3782731,26137,507,46
Apache NuttX,2021-04-30,58,,229,3812245,26601,464,38
Apache NuttX,2021-05-31,58,,232,3840564,26833,232,44
Apache NuttX,2021-06-30,58,,237,3941922,27117,284,44
Apache NuttX,2021-07-31,58,,236,3963819,27491,374,49
Apache NuttX,2021-08-31,60,,238,3971158,27769,278,35
Apache NuttX,2021-09-30,60,,236,3992430,28052,283,43
Apache NuttX,2021-10-31,60,,236,4005443,28230,178,38
Apache NuttX,2021-11-30,60,,238,4023058,28448,218,42
Apache NuttX,2021-12-31,60,,241,4051190,28736,288,47
Apache NuttX,2022-01-31,61,,246,4144267,29093,357,34
Apache NuttX,2022-02-28,61,,248,4182563,29511,418,39
Apache NuttX,2022-03-31,61,,247,4212114,29970,459,43
Apache NuttX,2022-04-30,62,,247,4220172,30364,394,44
Apache NuttX,2022-05-31,62,,249,4262205,30634,270,38
Apache NuttX,2022-06-30,63,,252,4303171,30862,228,46
Apache NuttX,2022-07-31,63,,265,4436071,31188,326,39
Apache NuttX,2022-08-31,64,,269,4469900,31487,299,54
Apache NuttX,2022-09-30,64,,273,4511280,31736,249,47
Apache NuttX,2022-10-31,64,,274,4548025,32117,381,56
Apache NuttX,2022-11-30,65,,279,4562267,32513,396,48
Apache NuttX,2022-12-31,65,,282,4632795,32897,384,47
Apache NuttX,2023-01-31,65,,284,4701512,33371,474,83
Apache NuttX,2023-02-28,65,,286,4738102,33733,362,63
Apache NuttX,2023-03-31,65,,295,4791245,34055,322,49
Apache NuttX,2023-04-30,67,,296,4858059,34339,284,50
Apache NuttX,2023-05-31,67,,300,4903087,34725,386,64
Apache NuttX,2023-06-30,69,,302,4952223,34999,274,52
Apache NuttX,2023-07-31,70,,306,5022192,35384,385,69
Apache NuttX,2023-08-31,71,,316,5075924,36033,649,102
Apache NuttX,2023-09-30,75,,322,5195864,36512,479,102
Apache NuttX,2023-10-31,76,,326,5225880,36839,327,52
Apache NuttX,2023-11-30,76,,328,5251875,37091,252,51
Apache NuttX,2023-12-31,76,,331,5322022,37286,195,47
Apache NuttX,2024-01-31,76,,333,5326742,37471,185,46
Apache NuttX,2024-02-29,76,,335,5368919,37664,193,48
Apache NuttX,2024-03-31,77,,340,5410982,37939,275,50
Apache NuttX,2024-04-30,83,,342,5451269,38197,258,57
Apache NuttX,2023-05-25,67,,300,4895244,34667,381,58
Apache NuttX,2024-04-25,83,,341,5443367,38147,265,57
Apache NuttX,2024-05-25,83,,343,5488755,38366,219,51
chibi-os,2014-05-31,,,53,304711,4647,37,2
chibi-os,2014-06-30,,,53,312272,4662,15,3
chibi-os,2014-07-31,,,53,325229,4721,59,3
chibi-os,2014-08-31,,,58,348354,4805,84,4
chibi-os,2014-09-30,,,58,532159,4880,75,5
chibi-os,2014-10-31,,,58,541703,4965,85,3
chibi-os,2014-11-30,,,59,559968,5047,82,4
chibi-os,2014-12-31,,,61,565107,5092,45,3
chibi-os,2015-01-31,,,62,599921,5119,27,5
chibi-os,2015-02-28,,,62,605027,5157,38,3
chibi-os,2015-03-31,,,62,617685,5276,119,3
chibi-os,2015-04-30,,,64,622147,5351,75,3
chibi-os,2015-05-31,,,64,628949,5403,52,2
chibi-os,2015-06-30,,,64,631128,5433,30,4
chibi-os,2015-07-31,,,65,697737,5494,61,6
chibi-os,2015-08-31,,,67,887171,5571,77,5
chibi-os,2015-09-30,,,68,963415,5621,50,4
chibi-os,2015-10-31,,,70,1000719,5667,46,3
chibi-os,2015-11-30,,,75,1027548,5766,99,3
chibi-os,2015-12-31,,,76,1116351,5853,87,2
chibi-os,2016-01-31,,,76,1118512,5911,58,4
chibi-os,2016-02-29,,,77,1135000,6004,93,3
chibi-os,2016-03-31,,,79,1163512,6134,130,6
chibi-os,2016-04-30,,,82,1177126,6272,138,5
chibi-os,2016-05-31,,,92,1278942,6390,118,6
chibi-os,2016-06-30,,,94,1499104,6491,101,3
chibi-os,2016-07-31,,,94,1500398,6526,35,4
chibi-os,2016-08-31,,,94,1497766,6541,15,3
chibi-os,2016-09-30,,,94,1506934,6592,51,3
chibi-os,2016-10-31,,,94,1571948,6638,46,5
chibi-os,2016-11-30,,,98,1585027,6675,37,6
chibi-os,2016-12-31,,,98,1589340,6710,35,4
chibi-os,2017-01-31,,,99,1595849,6762,52,7
chibi-os,2017-02-28,,,99,1598253,6791,29,2
chibi-os,2017-03-31,,,99,1597919,6808,17,3
chibi-os,2017-04-30,,,99,1599903,6852,44,5
chibi-os,2017-05-31,,,99,1601931,6875,23,4
chibi-os,2017-06-30,,,99,1604072,6890,15,5
chibi-os,2017-07-31,,,101,2353719,6941,51,7
chibi-os,2017-08-31,,,102,2367526,7073,132,7
chibi-os,2017-09-30,,,102,2478310,7237,164,9
chibi-os,2017-10-31,,,102,2648923,7375,138,6
chibi-os,2017-11-30,,,102,2660477,7523,148,7
chibi-os,2017-12-31,,,105,2717008,7629,106,6
chibi-os,2018-01-31,,,108,2742866,7829,200,7
chibi-os,2018-02-28,,,108,2763662,7970,141,10
chibi-os,2018-03-31,,,106,2814593,8185,215,9
chibi-os,2018-04-30,,,106,2838359,8266,81,5
chibi-os,2018-05-31,,,107,2850915,8320,54,5
chibi-os,2018-06-30,,,107,2876675,8368,48,5
chibi-os,2018-07-31,,,108,2885101,8417,49,3
chibi-os,2018-08-31,,,108,2884899,8428,11,2
chibi-os,2018-09-30,,,110,2908211,8487,59,5
chibi-os,2018-10-31,,,111,2919336,8556,69,3
chibi-os,2018-11-30,,,111,2935711,8598,42,3
chibi-os,2018-12-31,,,111,2943048,8649,51,4
chibi-os,2019-01-31,,,114,2872137,8721,72,5
chibi-os,2019-02-28,,,114,2880787,8753,32,4
chibi-os,2019-03-31,,,114,2882461,8759,6,2
chibi-os,2019-04-30,,,115,2921657,8792,33,3
chibi-os,2019-05-31,,,115,2921768,8828,36,2
chibi-os,2019-06-30,,,115,2924761,8840,12,2
chibi-os,2019-07-31,,,116,2930620,8876,36,3
chibi-os,2019-08-31,,,116,2929989,8894,18,2
chibi-os,2019-09-30,,,118,3069131,8970,76,3
chibi-os,2019-10-31,,,119,3126542,9039,69,4
chibi-os,2019-11-30,,,119,3132630,9078,39,2
chibi-os,2019-12-31,,,119,3137082,9113,35,2
chibi-os,2020-01-31,,,120,3468216,9171,58,4
chibi-os,2020-02-29,,,120,3474000,9226,55,4
chibi-os,2020-03-31,,,122,3497297,9318,92,3
chibi-os,2020-04-30,,,115,3473599,9404,86,4
chibi-os,2020-05-31,,,115,3607460,9433,29,4
chibi-os,2020-06-30,,,115,3618098,9460,27,3
chibi-os,2020-07-31,,,115,3631076,9506,46,3
chibi-os,2020-08-31,,,115,3633247,9524,18,3
chibi-os,2020-09-30,,,116,3647216,9576,52,4
chibi-os,2020-10-31,,,117,3652497,9585,9,4
chibi-os,2020-11-30,,,119,3704542,9614,29,3
chibi-os,2020-12-31,,,119,3717593,9659,45,3
chibi-os,2021-01-31,,,119,3756019,9674,15,3
chibi-os,2021-02-28,,,119,3756073,9686,12,2
chibi-os,2021-03-31,,,120,3757565,9731,45,3
chibi-os,2021-04-30,,,121,3822705,9939,208,4
chibi-os,2021-05-31,,,121,3885935,10045,106,4
chibi-os,2021-06-30,,,121,3882868,10160,115,5
chibi-os,2021-07-31,,,123,3893038,10194,34,6
chibi-os,2021-08-31,,,123,3892635,10260,66,6
chibi-os,2021-09-30,,,126,4851079,10381,121,5
chibi-os,2021-10-31,,,126,4862444,10492,111,4
chibi-os,2021-11-30,,,126,4888616,10648,156,7
chibi-os,2021-12-31,,,126,4900982,10763,115,2
chibi-os,2022-01-31,,,126,4912906,10872,109,4
chibi-os,2022-02-28,,,126,5064874,10913,41,3
chibi-os,2022-03-31,,,128,5082392,10974,61,2
chibi-os,2022-04-30,,,129,5148677,11015,41,2
chibi-os,2022-05-31,,,129,5151084,11042,27,2
chibi-os,2022-06-30,,,130,5153581,11061,19,2
chibi-os,2022-07-31,,,130,5153819,11070,9,2
chibi-os,2022-08-31,,,130,5159599,11105,35,3
chibi-os,2022-09-30,,,130,5161898,11166,61,3
chibi-os,2022-10-31,,,130,5162006,11184,18,3
chibi-os,2022-11-30,,,130,5164756,11211,27,3
chibi-os,2022-12-31,,,130,5168846,11272,61,3
chibi-os,2023-01-31,,,130,5170997,11277,5,4
chibi-os,2023-02-28,,,130,5174306,11287,10,4
chibi-os,2023-03-31,,,130,5179278,11310,23,2
chibi-os,2023-04-30,,,130,5220764,11343,33,3
chibi-os,2023-05-31,,,131,5237886,11376,33,3
chibi-os,2023-06-30,,,131,5243201,11401,25,2
chibi-os,2023-07-31,,,132,5264964,11435,34,4
chibi-os,2023-08-31,,,133,5363156,11461,26,3
chibi-os,2023-09-30,,,133,5364126,11477,16,2
chibi-os,2023-10-31,,,133,5365109,11484,7,2
chibi-os,2023-11-30,,,133,5373166,11505,21,2
chibi-os,2023-12-31,,,133,5373368,11524,19,2
chibi-os,2024-01-31,,,133,5377575,11539,15,2
chibi-os,2024-02-29,,,133,5708687,11547,8,4
chibi-os,2024-03-31,,,133,5712148,11558,11,3
chibi-os,2024-04-30,,,133,5714862,11578,20,3
chibi-os,2023-05-25,,,131,5235723,11362,27,3
chibi-os,2024-04-25,,,133,5714862,11578,25,3
chibi-os,2024-05-25,,,133,5720131,11587,9,3
TizenRT,2014-05-31,,,,,,,
TizenRT,2014-06-30,,,,,,,
TizenRT,2014-07-31,,,,,,,
TizenRT,2014-08-31,,,,,,,
TizenRT,2014-09-30,,,,,,,
TizenRT,2014-10-31,,,,,,,
TizenRT,2014-11-30,,,,,,,
TizenRT,2014-12-31,,,,,,,
TizenRT,2015-01-31,,,,,,,
TizenRT,2015-02-28,,,,,,,
TizenRT,2015-03-31,,,,,,,
TizenRT,2015-04-30,,,,,,,
TizenRT,2015-05-31,,,,,,,
TizenRT,2015-06-30,,,,,,,
TizenRT,2015-07-31,,,,,,,
TizenRT,2015-08-31,,,,,,,
TizenRT,2015-09-30,,,,,,,
TizenRT,2015-10-31,,,,,,,
TizenRT,2015-11-30,,,,,,,
TizenRT,2015-12-31,,,,,,,
TizenRT,2016-01-31,,,,,,,
TizenRT,2016-02-29,,,,,,,
TizenRT,2016-03-31,,,,,,,
TizenRT,2016-04-30,,,,,,,
TizenRT,2016-05-31,,,,,,,
TizenRT,2016-06-30,,,,,,,
TizenRT,2016-07-31,,,,,,,
TizenRT,2016-08-31,,,,0,1,1,2
TizenRT,2016-09-30,,,,0,1,0,1
TizenRT,2016-10-31,,,,0,1,0,1
TizenRT,2016-11-30,,,,0,1,0,1
TizenRT,2016-12-31,,,,874675,10,9,6
TizenRT,2017-01-31,,,,874680,17,7,6
TizenRT,2017-02-28,,,,872675,29,12,6
TizenRT,2017-03-31,,,,875233,48,19,10
TizenRT,2017-04-30,,,,1122341,85,37,28
TizenRT,2017-05-31,,,,1145678,141,56,41
TizenRT,2017-06-30,,,,1702058,213,72,26
TizenRT,2017-07-31,,,,1814436,262,49,38
TizenRT,2017-08-31,,,,1831402,383,121,40
TizenRT,2017-09-30,,,,2070995,595,212,48
TizenRT,2017-10-31,,,,2076809,691,96,34
TizenRT,2017-11-30,,,,2082929,799,108,48
TizenRT,2017-12-31,,,,2096757,890,91,33
TizenRT,2018-01-31,,,,2129330,949,59,32
TizenRT,2018-02-28,,,,2135903,1010,61,26
TizenRT,2018-03-31,,,,3056474,1087,77,30
TizenRT,2018-04-30,,,,3741103,1236,149,45
TizenRT,2018-05-31,,,,3894793,1416,180,39
TizenRT,2018-06-30,,,,4019491,1503,87,29
TizenRT,2018-07-31,,,,4025631,1578,75,37
TizenRT,2018-08-31,,,,4143077,1701,123,33
TizenRT,2018-09-30,,,,4156501,1827,126,38
TizenRT,2018-10-31,,,,4158495,1908,81,41
TizenRT,2018-11-30,,,,4166788,1961,53,26
TizenRT,2018-12-31,,,,4180463,2006,45,24
TizenRT,2019-01-31,,,,4644663,2068,62,30
TizenRT,2019-02-28,,,,4694127,2085,17,30
TizenRT,2019-03-31,,,,4919187,2100,15,32
TizenRT,2019-04-30,,,,4998877,2141,41,42
TizenRT,2019-05-31,,,,5087264,2211,70,43
TizenRT,2019-06-30,,,,5109006,2264,53,40
TizenRT,2019-07-31,,,,5142967,2295,31,32
TizenRT,2019-08-31,,,,5151085,2362,67,30
TizenRT,2019-09-30,,,,5182145,2508,146,39
TizenRT,2019-10-31,,,,5435280,2704,196,34
TizenRT,2019-11-30,,,,5455691,2802,98,25
TizenRT,2019-12-31,,,,5474196,2863,61,23
TizenRT,2020-01-31,,,,5487814,2940,77,21
TizenRT,2020-02-29,,,,5489855,2980,40,18
TizenRT,2020-03-31,,,,5652338,3017,37,20
TizenRT,2020-04-30,,,,5652677,3036,19,9
TizenRT,2020-05-31,,,,5656650,3106,70,14
TizenRT,2020-06-30,,,,5659669,3166,60,18
TizenRT,2020-07-31,,,,5650132,3226,60,16
TizenRT,2020-08-31,,,,5658650,3285,59,11
TizenRT,2020-09-30,,,,5659294,3372,87,13
TizenRT,2020-10-31,,,,5658996,3427,55,13
TizenRT,2020-11-30,,,,5674235,3494,67,15
TizenRT,2020-12-31,,,,5677920,3631,137,17
TizenRT,2021-01-31,,,,5679606,3686,55,14
TizenRT,2021-02-28,,,,5718065,3780,94,19
TizenRT,2021-03-31,,,,5729832,3869,89,18
TizenRT,2021-04-30,,,,5734006,3912,43,15
TizenRT,2021-05-31,,,,5734606,3945,33,13
TizenRT,2021-06-30,,,,5736189,4029,84,24
TizenRT,2021-07-31,,,,5782136,4106,77,18
TizenRT,2021-08-31,,,,5784825,4170,64,16
TizenRT,2021-09-30,,,,5770590,4236,66,16
TizenRT,2021-10-31,,,,5773738,4312,76,17
TizenRT,2021-11-30,,,,5777564,4418,106,19
TizenRT,2021-12-31,,,,5779732,4516,98,18
TizenRT,2022-01-31,,,,5781794,4621,105,24
TizenRT,2022-02-28,,,,5784189,4651,30,14
TizenRT,2022-03-31,,,,5785208,4688,37,10
TizenRT,2022-04-30,,,,5790149,4716,28,14
TizenRT,2022-05-31,,,,5790520,4723,7,6
TizenRT,2022-06-30,,,,5792369,4745,22,11
TizenRT,2022-07-31,,,,5796240,4757,12,7
TizenRT,2022-08-31,,,,5964214,4770,13,9
TizenRT,2022-09-30,,,,5965482,4786,16,7
TizenRT,2022-10-31,,,,6556394,4802,16,10
TizenRT,2022-11-30,,,,6555679,4820,18,9
TizenRT,2022-12-31,,,,6500709,4839,19,10
TizenRT,2023-01-31,,,,6501393,4872,33,13
TizenRT,2023-02-28,,,,6518447,4895,23,11
TizenRT,2023-03-31,,,,6564972,4924,29,14
TizenRT,2023-04-30,,,,6500668,4945,21,13
TizenRT,2023-05-31,,,,6591327,4963,18,10
TizenRT,2023-06-30,,,,8563778,5004,41,16
TizenRT,2023-07-31,,,,8564924,5033,29,13
TizenRT,2023-08-31,,,,8585576,5056,23,12
TizenRT,2023-09-30,,,,7286883,5104,48,14
TizenRT,2023-10-31,,,,7287242,5130,26,11
TizenRT,2023-11-30,,,,7288090,5165,35,15
TizenRT,2023-12-31,,,,7454670,5191,26,12
TizenRT,2024-01-31,,,,7465546,5234,43,15
TizenRT,2024-02-29,,,,7464151,5278,44,14
TizenRT,2024-03-31,,,,7466721,5314,36,15
TizenRT,2024-04-30,,,,7528221,5362,48,17
TizenRT,2023-05-25,,,,6591512,4958,20,10
TizenRT,2024-04-25,,,,7519993,5354,50,18
TizenRT,2024-05-25,,,,7648047,5430,76,18
FreeRTOS,2014-05-31,,,116,2921412,2179,6,2
FreeRTOS,2014-06-30,,,116,2923802,2198,19,2
FreeRTOS,2014-07-31,,,117,3165107,2215,17,2
FreeRTOS,2014-08-31,,,117,3146905,2227,12,2
FreeRTOS,2014-09-30,,,117,3149256,2233,6,2
FreeRTOS,2014-10-31,,,119,3658849,2240,7,2
FreeRTOS,2014-11-30,,,119,3658849,2240,0,1
FreeRTOS,2014-12-31,,,119,3698797,2247,7,2
FreeRTOS,2015-01-31,,,120,3670293,2253,6,2
FreeRTOS,2015-02-28,,,120,3670361,2255,2,2
FreeRTOS,2015-03-31,,,123,4009663,2263,8,2
FreeRTOS,2015-04-30,,,124,4052626,2271,8,2
FreeRTOS,2015-05-31,,,124,4052679,2272,1,2
FreeRTOS,2015-06-30,,,124,4135309,2277,5,2
FreeRTOS,2015-07-31,,,124,4100108,2282,5,2
FreeRTOS,2015-08-31,,,125,4183832,2293,11,2
FreeRTOS,2015-09-30,,,130,4395629,2303,10,2
FreeRTOS,2015-10-31,,,130,4406328,2312,9,2
FreeRTOS,2015-11-30,,,130,4406657,2315,3,2
FreeRTOS,2015-12-31,,,131,4587848,2319,4,2
FreeRTOS,2016-01-31,,,133,4713242,2330,11,2
FreeRTOS,2016-02-29,,,134,4796240,2340,10,2
FreeRTOS,2016-03-31,,,136,4687028,2352,12,2
FreeRTOS,2016-04-30,,,138,4729222,2370,18,2
FreeRTOS,2016-05-31,,,140,4840122,2379,9,2
FreeRTOS,2016-06-30,,,140,4840196,2381,2,2
FreeRTOS,2016-07-31,,,140,4840196,2381,0,1
FreeRTOS,2016-08-31,,,140,4840520,2383,2,2
FreeRTOS,2016-09-30,,,141,4843983,2386,3,2
FreeRTOS,2016-10-31,,,141,4843983,2386,0,1
FreeRTOS,2016-11-30,,,141,4845936,2388,2,2
FreeRTOS,2016-12-31,,,142,4862394,2389,1,2
FreeRTOS,2017-01-31,,,142,4891126,2399,10,2
FreeRTOS,2017-02-28,,,143,4966213,2401,2,2
FreeRTOS,2017-03-31,,,144,4980636,2408,7,2
FreeRTOS,2017-04-30,,,144,4980758,2418,10,2
FreeRTOS,2017-05-31,,,144,4987828,2428,10,2
FreeRTOS,2017-06-30,,,144,4981896,2430,2,2
FreeRTOS,2017-07-31,,,144,4981896,2430,0,1
FreeRTOS,2017-08-31,,,144,5038866,2433,3,2
FreeRTOS,2017-09-30,,,144,5038866,2433,0,1
FreeRTOS,2017-10-31,,,144,5038866,2433,0,1
FreeRTOS,2017-11-30,,,144,4906673,2434,1,2
FreeRTOS,2017-12-31,,,144,4905260,2438,4,2
FreeRTOS,2018-01-31,,,144,4905270,2440,2,2
FreeRTOS,2018-02-28,,,144,4905459,2442,2,2
FreeRTOS,2018-03-31,,,144,4906382,2448,6,2
FreeRTOS,2018-04-30,,,144,4906476,2449,1,2
FreeRTOS,2018-05-31,,,144,4990894,2453,4,2
FreeRTOS,2018-06-30,,,146,5012122,2466,13,3
FreeRTOS,2018-07-31,,,146,5014378,2470,4,2
FreeRTOS,2018-08-31,,,146,4870635,2483,13,3
FreeRTOS,2018-09-30,,,146,4871058,2493,10,2
FreeRTOS,2018-10-31,,,146,4871371,2497,4,3
FreeRTOS,2018-11-30,,,147,4878092,2505,8,2
FreeRTOS,2018-12-31,,,147,4880003,2528,23,2
FreeRTOS,2019-01-31,,,148,4955117,2533,5,3
FreeRTOS,2019-02-28,,,149,4970727,2550,17,3
FreeRTOS,2019-03-31,,,149,4970746,2555,5,3
FreeRTOS,2019-04-30,,,149,4970801,2559,4,2
FreeRTOS,2019-05-31,,,152,5247464,2570,11,3
FreeRTOS,2019-06-30,,,152,5254194,2573,3,2
FreeRTOS,2019-07-31,,,152,5287862,2616,43,3
FreeRTOS,2019-08-31,,,153,5292238,2621,5,3
FreeRTOS,2019-09-30,,,153,5301518,2635,14,3
FreeRTOS,2019-10-31,,,155,5316528,2656,21,2
FreeRTOS,2019-11-30,,,155,5314583,2660,4,2
FreeRTOS,2019-12-31,,,157,5830976,2689,29,4
FreeRTOS,2020-01-31,,,159,5977079,2718,29,4
FreeRTOS,2020-02-29,,,157,5729668,2738,20,8
FreeRTOS,2020-03-31,,,158,5401094,2756,18,9
FreeRTOS,2020-04-30,,,158,5413625,2778,22,5
FreeRTOS,2020-05-31,,,159,5427472,2785,7,6
FreeRTOS,2020-06-30,,,159,5435520,2793,8,6
FreeRTOS,2020-07-31,,,161,5455229,2810,17,7
FreeRTOS,2020-08-31,,,167,6663053,2834,24,13
FreeRTOS,2020-09-30,,,168,6841653,2897,63,15
FreeRTOS,2020-10-31,,,169,7542635,2959,62,22
FreeRTOS,2020-11-30,,,170,7553283,3010,51,14
FreeRTOS,2020-12-31,,,170,6480998,3075,65,19
FreeRTOS,2021-01-31,,,170,6481113,3081,6,4
FreeRTOS,2021-02-28,,,171,6491556,3099,18,10
FreeRTOS,2021-03-31,,,171,6495142,3115,16,8
FreeRTOS,2021-04-30,,,172,6520149,3151,36,16
FreeRTOS,2021-05-31,,,172,6476479,3168,17,13
FreeRTOS,2021-06-30,,,173,6479252,3186,18,8
FreeRTOS,2021-07-31,,,173,6502876,3220,34,10
FreeRTOS,2021-08-31,,,173,6502989,3224,4,3
FreeRTOS,2021-09-30,,,174,6545171,3230,6,4
FreeRTOS,2021-10-31,,,175,6612094,3236,6,5
FreeRTOS,2021-11-30,,,175,6633070,3262,26,11
FreeRTOS,2021-12-31,,,176,6643890,3281,19,9
FreeRTOS,2022-01-31,,,177,6646372,3294,13,10
FreeRTOS,2022-02-28,,,179,7170162,3307,13,7
FreeRTOS,2022-03-31,,,179,7345885,3313,6,6
FreeRTOS,2022-04-30,,,180,7409101,3315,2,3
FreeRTOS,2022-05-31,,,180,7409101,3317,2,3
FreeRTOS,2022-06-30,,,181,7416749,3323,6,5
FreeRTOS,2022-07-31,,,181,7418541,3326,3,4
FreeRTOS,2022-08-31,,,181,7418212,3358,32,9
FreeRTOS,2022-09-30,,,181,7418522,3362,4,4
FreeRTOS,2022-10-31,,,181,7418734,3376,14,6
FreeRTOS,2022-11-30,,,181,7355608,3388,12,9
FreeRTOS,2022-12-31,,,181,7356437,3411,23,9
FreeRTOS,2023-01-31,,,181,7356719,3414,3,3
FreeRTOS,2023-02-28,,,181,7357255,3420,6,6
FreeRTOS,2023-03-31,,,181,7359669,3447,27,11
FreeRTOS,2023-04-30,,,181,7371167,3463,16,7
FreeRTOS,2023-05-31,,,181,7371347,3469,6,6
FreeRTOS,2023-06-30,,,181,7376621,3473,4,5
FreeRTOS,2023-07-31,,,181,7384882,3488,15,9
FreeRTOS,2023-08-31,,,181,6640726,3507,19,9
FreeRTOS,2023-09-30,,,180,6639557,3513,6,6
FreeRTOS,2023-10-31,,,180,6638743,3524,11,7
FreeRTOS,2023-11-30,,,180,6638793,3533,9,5
FreeRTOS,2023-12-31,,,180,6640272,3549,16,8
FreeRTOS,2024-01-31,,,180,6641159,3565,16,12
FreeRTOS,2024-02-29,,,180,6644408,3587,22,8
FreeRTOS,2024-03-31,,,182,6758387,3600,13,7
FreeRTOS,2024-04-30,,,182,6758607,3615,15,7
FreeRTOS,2023-05-25,,,181,7371207,3467,7,5
FreeRTOS,2024-04-25,,,182,6758605,3614,20,9
FreeRTOS,2024-05-25,,,182,6758412,3621,7,5
Zephyr,2014-05-31,,,,,,,
Zephyr,2014-06-30,,,,,,,
Zephyr,2014-07-31,,,,,,,
Zephyr,2014-08-31,,,,,,,
Zephyr,2014-09-30,,,,,,,
Zephyr,2014-10-31,,,,,,,
Zephyr,2014-11-30,,,,,,,
Zephyr,2014-12-31,,,,,,,
Zephyr,2015-01-31,,,,,,,
Zephyr,2015-02-28,,,,,,,
Zephyr,2015-03-31,,,,,,,
Zephyr,2015-04-30,0,0,0,135402,4,4,4
Zephyr,2015-05-31,0,0,0,135402,4,0,1
Zephyr,2015-06-30,0,0,0,135402,4,0,1
Zephyr,2015-07-31,0,0,0,135402,4,0,1
Zephyr,2015-08-31,0,0,0,135402,4,0,1
Zephyr,2015-09-30,0,0,0,135402,4,0,1
Zephyr,2015-10-31,0,0,0,135402,4,0,1
Zephyr,2015-11-30,0,0,0,135402,4,0,1
Zephyr,2015-12-31,0,0,0,135402,4,0,1
Zephyr,2016-01-31,0,0,0,135402,4,0,1
Zephyr,2016-02-29,0,0,0,287751,5389,5385,74
Zephyr,2016-03-31,0,0,0,308932,5891,502,43
Zephyr,2016-04-30,0,0,0,330216,6367,476,44
Zephyr,2016-05-31,0,0,0,459923,6811,444,49
Zephyr,2016-06-30,0,0,0,507729,7157,346,46
Zephyr,2016-07-31,0,0,0,604098,7643,486,50
Zephyr,2016-08-31,0,0,0,616682,7886,243,37
Zephyr,2016-09-30,0,0,0,654148,8154,268,54
Zephyr,2016-10-31,0,0,0,675066,8804,650,52
Zephyr,2016-11-30,0,0,0,2179694,9437,633,61
Zephyr,2016-12-31,0,0,0,2188924,9773,336,58
Zephyr,2017-01-31,0,0,0,2511674,10051,278,58
Zephyr,2017-02-28,0,0,0,2646019,10348,297,69
Zephyr,2017-03-31,0,0,0,2640396,10515,167,62
Zephyr,2017-04-30,0,0,0,3129911,10845,330,57
Zephyr,2017-05-31,0,0,0,3674357,11283,438,51
Zephyr,2017-06-30,0,101,63,3691186,11789,506,53
Zephyr,2017-07-31,0,106,66,3768907,12222,433,43
Zephyr,2017-08-31,0,110,74,3743467,12813,591,53
Zephyr,2017-09-30,0,117,75,3937128,13202,389,50
Zephyr,2017-10-31,0,121,82,4873926,13865,663,60
Zephyr,2017-11-30,0,123,87,5388297,14627,762,62
Zephyr,2017-12-31,1,124,87,5404098,14976,349,45
Zephyr,2018-01-31,1,126,93,5611537,15476,500,61
Zephyr,2018-02-28,1,129,94,5666977,16089,613,65
Zephyr,2018-03-31,1,136,102,5946485,16598,509,69
Zephyr,2018-04-30,1,140,105,6039249,17098,500,63
Zephyr,2018-05-31,1,146,108,6104878,18045,947,77
Zephyr,2018-06-30,1,152,112,6206566,18632,587,88
Zephyr,2018-07-31,1,155,122,6488359,19303,671,89
Zephyr,2018-08-31,1,156,124,6519022,19952,649,88
Zephyr,2018-09-30,1,157,128,7344384,20542,590,83
Zephyr,2018-10-31,2,160,134,7567481,21461,919,102
Zephyr,2018-11-30,2,164,137,7651977,22278,817,103
Zephyr,2018-12-31,2,174,141,7693712,22980,702,94
Zephyr,2019-01-31,2,173,156,8467462,23825,845,108
Zephyr,2019-02-28,2,173,160,8535798,25250,1425,106
Zephyr,2019-03-31,2,175,163,8540129,26238,988,96
Zephyr,2019-04-30,2,175,172,9611624,26815,577,100
Zephyr,2019-05-31,2,179,180,9438869,27679,864,122
Zephyr,2019-06-30,1,182,184,5730033,28391,712,92
Zephyr,2019-07-31,1,184,183,5761825,29214,823,89
Zephyr,2019-08-31,1,187,197,1106901,29930,716,95
Zephyr,2019-09-30,40,188,200,1127689,30788,858,114
Zephyr,2019-10-31,44,198,204,1161952,31586,798,106
Zephyr,2019-11-30,57,201,210,1190486,32264,678,107
Zephyr,2019-12-31,59,209,213,1213033,32885,621,113
Zephyr,2020-01-31,62,210,222,1231040,33861,976,127
Zephyr,2020-02-29,64,216,226,1266943,34856,989,103
Zephyr,2020-03-31,72,220,234,1238593,35908,1052,126
Zephyr,2020-04-30,74,229,239,1271874,37072,1164,123
Zephyr,2020-05-31,75,242,246,1295648,38053,981,115
Zephyr,2020-06-30,75,243,253,1316128,38801,748,123
Zephyr,2020-07-31,78,244,267,1344145,39668,867,130
Zephyr,2020-08-31,79,248,276,1382000,40414,746,121
Zephyr,2020-09-30,80,254,286,1411338,41337,923,130
Zephyr,2020-10-31,81,258,296,1439485,42399,1062,148
Zephyr,2020-11-30,81,265,306,1467415,43114,715,125
Zephyr,2020-12-31,82,270,315,1496701,43976,862,131
Zephyr,2021-01-31,83,280,325,1563260,45046,1070,167
Zephyr,2021-02-28,85,285,324,1583598,45935,889,137
Zephyr,2021-03-31,86,296,334,1631544,47271,1336,166
Zephyr,2021-04-30,87,304,352,1683261,48363,1092,156
Zephyr,2021-05-31,91,311,366,1734563,49700,1337,160
Zephyr,2021-06-30,91,313,367,1755573,50443,743,156
Zephyr,2021-07-31,101,325,371,1808371,51418,975,153
Zephyr,2021-08-31,105,326,377,1855540,52661,1243,144
Zephyr,2021-09-30,106,328,380,1882805,53365,704,155
Zephyr,2021-10-31,106,328,385,1925939,54040,675,140
Zephyr,2021-11-30,106,334,390,2010849,55158,1118,164
Zephyr,2021-12-31,109,337,399,2043811,55914,756,147
Zephyr,2022-01-31,111,344,407,2089586,56951,1037,137
Zephyr,2022-02-28,112,345,413,2108497,57844,893,147
Zephyr,2022-03-31,113,347,430,2178565,59409,1565,208
Zephyr,2022-04-30,114,352,433,2214372,60598,1189,171
Zephyr,2022-05-31,116,355,437,2194338,61598,1000,165
Zephyr,2022-06-30,116,353,448,2216537,62753,1155,188
Zephyr,2022-07-31,116,363,458,2245101,64478,1725,199
Zephyr,2022-08-31,117,366,467,2281074,66108,1630,204
Zephyr,2022-09-30,118,370,471,2319725,67363,1255,183
Zephyr,2022-10-31,120,374,481,2362666,68459,1096,184
Zephyr,2022-11-30,120,388,489,2417735,69530,1071,185
Zephyr,2022-12-31,123,395,499,2471850,70382,852,162
Zephyr,2023-01-31,127,401,509,2522119,71565,1183,190
Zephyr,2023-02-28,131,403,513,2562883,72465,900,207
Zephyr,2023-03-31,134,407,523,2646800,73855,1390,239
Zephyr,2023-04-30,145,417,530,2719870,75243,1388,238
Zephyr,2023-05-31,152,424,539,2802209,76665,1422,240
Zephyr,2023-06-30,155,428,544,2833756,77647,982,180
Zephyr,2023-07-31,158,433,559,2898464,78892,1245,227
Zephyr,2023-08-31,160,434,573,2959298,80247,1355,239
Zephyr,2023-09-30,166,439,590,3046020,81869,1622,256
Zephyr,2023-10-31,170,436,594,3125259,83255,1386,231
Zephyr,2023-11-30,174,440,612,3200539,84881,1626,254
Zephyr,2023-12-31,179,440,624,3286992,85996,1115,213
Zephyr,2024-01-31,185,451,639,3371259,87565,1569,265
Zephyr,2024-02-29,189,453,644,3412088,88473,908,216
Zephyr,2024-03-31,199,456,705,3476561,90155,1682,273
Zephyr,2024-04-30,204,457,722,3525138,91426,1271,266
Zephyr,2023-05-25,151,422,539,2777103,76300,1249,228
Zephyr,2024-04-25,203,455,718,3511906,91197,1423,277
Zephyr,2024-05-25,211,467,733,3590701,92870,1673,278
Arm Mbed OS,2014-05-31,,,,1388590,601,84,22
Arm Mbed OS,2014-06-30,,,,1626854,672,71,19
Arm Mbed OS,2014-07-31,,,,1637611,773,101,24
Arm Mbed OS,2014-08-31,,,,1645865,845,72,23
Arm Mbed OS,2014-09-30,,,,1838571,968,123,19
Arm Mbed OS,2014-10-31,,,,2233883,1068,100,30
Arm Mbed OS,2014-11-30,,,,1742966,1150,82,26
Arm Mbed OS,2014-12-31,,,,1755040,1196,46,24
Arm Mbed OS,2015-01-31,,,,1794984,1244,48,24
Arm Mbed OS,2015-02-28,,,,1883666,1298,54,24
Arm Mbed OS,2015-03-31,,,,1951306,1342,44,26
Arm Mbed OS,2015-04-30,,,,2193872,1404,62,32
Arm Mbed OS,2015-05-31,,,,2202175,1443,39,21
Arm Mbed OS,2015-06-30,,,,2374206,1497,54,25
Arm Mbed OS,2015-07-31,,,,2463348,1540,43,27
Arm Mbed OS,2015-08-31,,,,2668361,1574,34,21
Arm Mbed OS,2015-09-30,,,,2722379,1613,39,31
Arm Mbed OS,2015-10-31,,,,2755143,1643,30,16
Arm Mbed OS,2015-11-30,,,,2903204,1680,37,28
Arm Mbed OS,2015-12-31,,,,2903613,1697,17,14
Arm Mbed OS,2016-01-31,,,,2969661,1725,28,18
Arm Mbed OS,2016-02-29,,,,2783960,1771,46,22
Arm Mbed OS,2016-03-31,,,,2743242,1817,46,21
Arm Mbed OS,2016-04-30,,,,2839294,1858,41,23
Arm Mbed OS,2016-05-31,,,,2717155,1908,50,28
Arm Mbed OS,2016-06-30,,,,2887285,2071,163,45
Arm Mbed OS,2016-07-31,,,,3652306,2208,137,48
Arm Mbed OS,2016-08-31,,,,3908285,2320,112,47
Arm Mbed OS,2016-09-30,,,,3974858,2499,179,53
Arm Mbed OS,2016-10-31,,,,4655387,2642,143,47
Arm Mbed OS,2016-11-30,,,,4847748,2749,107,47
Arm Mbed OS,2016-12-31,,,,4891532,2836,87,32
Arm Mbed OS,2017-01-31,,,,5037715,2902,66,34
Arm Mbed OS,2017-02-28,,,,4973483,2988,86,35
Arm Mbed OS,2017-03-31,,,,5323122,3063,75,39
Arm Mbed OS,2017-04-30,,,,5343654,3135,72,29
Arm Mbed OS,2017-05-31,,,,5499269,3217,82,39
Arm Mbed OS,2017-06-30,,,,5637927,3357,140,57
Arm Mbed OS,2017-07-31,,,,5717432,3448,91,35
Arm Mbed OS,2017-08-31,,,,5842580,3511,63,38
Arm Mbed OS,2017-09-30,,,,5868609,3615,104,38
Arm Mbed OS,2017-10-31,,,,5874148,3699,84,28
Arm Mbed OS,2017-11-30,,,,6220518,3794,95,44
Arm Mbed OS,2017-12-31,,,,6208408,3872,78,41
Arm Mbed OS,2018-01-31,,,,6313603,3981,109,49
Arm Mbed OS,2018-02-28,,,,6485449,4105,124,61
Arm Mbed OS,2018-03-31,,,,6555062,4227,122,62
Arm Mbed OS,2018-04-30,,,,6820844,4342,115,51
Arm Mbed OS,2018-05-31,,,,6735836,4470,128,68
Arm Mbed OS,2018-06-30,,,,6754985,4643,173,62
Arm Mbed OS,2018-07-31,,,,7169997,4741,98,43
Arm Mbed OS,2018-08-31,,,,7237820,4901,160,69
Arm Mbed OS,2018-09-30,,,,7295684,5037,136,62
Arm Mbed OS,2018-10-31,,,,7405039,5244,207,83
Arm Mbed OS,2018-11-30,,,,7623211,5344,100,80
Arm Mbed OS,2018-12-31,,,,7706141,5500,156,74
Arm Mbed OS,2019-01-31,,,,8132307,5695,195,77
Arm Mbed OS,2019-02-28,,,,8549280,5887,192,81
Arm Mbed OS,2019-03-31,,,,9317060,6089,202,81
Arm Mbed OS,2019-04-30,,,,9554527,6224,135,58
Arm Mbed OS,2019-05-31,,,,9554809,6325,101,66
Arm Mbed OS,2019-06-30,,,,9580658,6424,99,42
Arm Mbed OS,2019-07-31,,,,9754312,6532,108,41
Arm Mbed OS,2019-08-31,,,,10066346,6678,146,74
Arm Mbed OS,2019-09-30,,,,10118673,6795,117,50
Arm Mbed OS,2019-10-31,,,,10377957,6924,129,57
Arm Mbed OS,2019-11-30,,,,10398012,7057,133,56
Arm Mbed OS,2019-12-31,,,,10262923,7159,102,42
Arm Mbed OS,2020-01-31,,,,10702407,7278,119,49
Arm Mbed OS,2020-02-29,,,,10759032,7413,135,43
Arm Mbed OS,2020-03-31,,,,10769481,7514,101,38
Arm Mbed OS,2020-04-30,,,,10297763,7616,102,42
Arm Mbed OS,2020-05-31,,,,9412353,7681,65,27
Arm Mbed OS,2020-06-30,,,,10299449,7768,87,31
Arm Mbed OS,2020-07-31,,,,10389768,7838,70,26
Arm Mbed OS,2020-08-31,,,,10562670,7891,53,34
Arm Mbed OS,2020-09-30,,,,10727129,7954,63,38
Arm Mbed OS,2020-10-31,,,,11289812,8008,54,22
Arm Mbed OS,2020-11-30,,,,11233291,8082,74,31
Arm Mbed OS,2020-12-31,,,,11173812,8143,61,32
Arm Mbed OS,2021-01-31,,,,11333679,8213,70,23
Arm Mbed OS,2021-02-28,,,,11577070,8294,81,25
Arm Mbed OS,2021-03-31,,,,11679754,8372,78,27
Arm Mbed OS,2021-04-30,,,,11767819,8423,51,25
Arm Mbed OS,2021-05-31,,,,11967925,8485,62,32
Arm Mbed OS,2021-06-30,,,,12076245,8550,65,27
Arm Mbed OS,2021-07-31,,,,12251045,8629,79,29
Arm Mbed OS,2021-08-31,,,,12255089,8661,32,24
Arm Mbed OS,2021-09-30,,,,12640884,8703,42,21
Arm Mbed OS,2021-10-31,,,,12692705,8729,26,14
Arm Mbed OS,2021-11-30,,,,12697098,8741,12,9
Arm Mbed OS,2021-12-31,,,,12698072,8750,9,6
Arm Mbed OS,2022-01-31,,,,12729349,8760,10,11
Arm Mbed OS,2022-02-28,,,,12737519,8773,13,9
Arm Mbed OS,2022-03-31,,,,12737545,8778,5,5
Arm Mbed OS,2022-04-30,,,,12776982,8787,9,8
Arm Mbed OS,2022-05-31,,,,12777824,8794,7,8
Arm Mbed OS,2022-06-30,,,,12778119,8802,8,8
Arm Mbed OS,2022-07-31,,,,12778120,8803,1,3
Arm Mbed OS,2022-08-31,,,,12778367,8810,7,7
Arm Mbed OS,2022-09-30,,,,12819578,8813,3,4
Arm Mbed OS,2022-10-31,,,,12819578,8813,0,1
Arm Mbed OS,2022-11-30,,,,12963082,8819,6,4
Arm Mbed OS,2022-12-31,,,,13002122,8822,3,4
Arm Mbed OS,2023-01-31,,,,13005041,8833,11,8
Arm Mbed OS,2023-02-28,,,,13005072,8837,4,5
Arm Mbed OS,2023-03-31,,,,13005080,8839,2,6
Arm Mbed OS,2023-04-30,,,,13007449,8850,11,8
Arm Mbed OS,2023-05-31,,,,13199104,8860,10,10
Arm Mbed OS,2023-06-30,,,,13199127,8864,4,5
Arm Mbed OS,2023-07-31,,,,13199135,8867,3,4
Arm Mbed OS,2023-08-31,,,,13212984,8872,5,5
Arm Mbed OS,2023-09-30,,,,13212992,8874,2,4
Arm Mbed OS,2023-10-31,,,,13212995,8876,2,4
Arm Mbed OS,2023-11-30,,,,13213403,8880,4,4
Arm Mbed OS,2023-12-31,,,,13213483,8884,4,6
Arm Mbed OS,2024-01-31,,,,13213483,8884,0,1
Arm Mbed OS,2024-02-29,,,,13213483,8884,0,1
Arm Mbed OS,2024-03-31,,,,13213483,8884,0,1
Arm Mbed OS,2024-04-30,,,,13213658,8889,5,4
Arm Mbed OS,2023-05-25,,,,13199107,8859,12,9
Arm Mbed OS,2024-04-25,,,,13213658,8889,5,4
Arm Mbed OS,2024-05-25,,,,13213676,8892,3,3
RT-Thread,2014-05-31,,,43,2811255,2618,7,5
RT-Thread,2014-06-30,,,44,2814153,2631,13,5
RT-Thread,2014-07-31,,,42,3223578,2671,40,11
RT-Thread,2014-08-31,,,42,3226770,2684,13,7
RT-Thread,2014-09-30,,,43,3339319,2700,16,10
RT-Thread,2014-10-31,,,44,3382872,2710,10,5
RT-Thread,2014-11-30,,,46,3433884,2732,22,9
RT-Thread,2014-12-31,,,47,3502041,2744,12,7
RT-Thread,2015-01-31,,,48,3505670,2763,19,8
RT-Thread,2015-02-28,,,48,3510178,2770,7,5
RT-Thread,2015-03-31,,,48,3512287,2785,15,9
RT-Thread,2015-04-30,,,49,3524824,2809,24,11
RT-Thread,2015-05-31,,,50,3538221,2843,34,14
RT-Thread,2015-06-30,,,50,3538578,2856,13,10
RT-Thread,2015-07-31,,,51,3542948,2872,16,9
RT-Thread,2015-08-31,,,53,6068419,2879,7,6
RT-Thread,2015-09-30,,,54,6082141,2885,6,6
RT-Thread,2015-10-31,,,54,6081789,2886,1,6
RT-Thread,2015-11-30,,,55,6121713,2895,9,9
RT-Thread,2015-12-31,,,55,6121771,2898,3,3
RT-Thread,2016-01-31,,,56,6433675,2903,5,5
RT-Thread,2016-02-29,,,56,6496891,2910,7,3
RT-Thread,2016-03-31,,,56,6496936,2918,8,5
RT-Thread,2016-04-30,,,58,6526470,2942,24,6
RT-Thread,2016-05-31,,,58,6462151,2963,21,4
RT-Thread,2016-06-30,,,58,6462249,2972,9,6
RT-Thread,2016-07-31,,,58,6462603,2976,4,4
RT-Thread,2016-08-31,,,59,6552930,2983,7,8
RT-Thread,2016-09-30,,,60,6631576,2989,6,6
RT-Thread,2016-10-31,,,60,6634417,2993,4,3
RT-Thread,2016-11-30,,,60,6634536,2999,6,4
RT-Thread,2016-12-31,,,61,6690318,3001,2,4
RT-Thread,2017-01-31,,,61,6713878,3020,19,5
RT-Thread,2017-02-28,,,61,6884812,3028,8,5
RT-Thread,2017-03-31,,,61,7004591,3036,8,8
RT-Thread,2017-04-30,,,62,7267004,3050,14,9
RT-Thread,2017-05-31,,,62,7601211,3062,12,10
RT-Thread,2017-06-30,,,62,7603780,3081,19,5
RT-Thread,2017-07-31,,,62,7603780,3081,0,1
RT-Thread,2017-08-31,,,62,7603780,3081,0,1
RT-Thread,2017-09-30,,,72,9095996,3085,4,16
RT-Thread,2017-10-31,,,76,9710770,3172,87,14
RT-Thread,2017-11-30,,,78,10021656,3318,146,18
RT-Thread,2017-12-31,,,80,10390387,3416,98,20
RT-Thread,2018-01-31,,,80,10398986,3453,37,14
RT-Thread,2018-02-28,,,81,10403303,3483,30,15
RT-Thread,2018-03-31,,,83,10939760,3555,72,29
RT-Thread,2018-04-30,,,83,10942119,3606,51,14
RT-Thread,2018-05-31,,,82,11444548,3703,97,25
RT-Thread,2018-06-30,,,84,11477124,3760,57,28
RT-Thread,2018-07-31,,,85,11466252,3807,47,20
RT-Thread,2018-08-31,,,87,11474992,3864,57,22
RT-Thread,2018-09-30,,,87,11737336,3942,78,28
RT-Thread,2018-10-31,,,88,11677690,3997,55,24
RT-Thread,2018-11-30,,,90,12034541,4057,60,28
RT-Thread,2018-12-31,,,112,14806395,4134,77,33
RT-Thread,2019-01-31,,,120,14630647,4214,80,36
RT-Thread,2019-02-28,,,124,14707061,4250,36,22
RT-Thread,2019-03-31,,,127,13559795,4326,76,38
RT-Thread,2019-04-30,,,132,13680460,4407,81,35
RT-Thread,2019-05-31,,,130,12430393,4477,70,30
RT-Thread,2019-06-30,,,136,12348270,4523,46,25
RT-Thread,2019-07-31,,,140,12814625,4576,53,23
RT-Thread,2019-08-31,,,140,12825905,4627,51,22
RT-Thread,2019-09-30,,,142,13001868,4681,54,27
RT-Thread,2019-10-31,,,147,13517514,4708,27,20
RT-Thread,2019-11-30,,,148,13525643,4740,32,21
RT-Thread,2019-12-31,,,150,13530939,4769,29,18
RT-Thread,2020-01-31,,,154,13733433,4799,30,20
RT-Thread,2020-02-29,,,155,13738721,4841,42,18
RT-Thread,2020-03-31,,,160,14281362,4885,44,30
RT-Thread,2020-04-30,,,167,14334637,4922,37,23
RT-Thread,2020-05-31,,,173,14355477,4963,41,24
RT-Thread,2020-06-30,,,174,15336976,5003,40,24
RT-Thread,2020-07-31,,,179,15666034,5033,30,20
RT-Thread,2020-08-31,,,177,15416178,5067,34,20
RT-Thread,2020-09-30,,,178,15430287,5108,41,24
RT-Thread,2020-10-31,,,182,15731327,5142,34,16
RT-Thread,2020-11-30,,,182,15378165,5199,57,26
RT-Thread,2020-12-31,,,186,15641964,5290,91,35
RT-Thread,2021-01-31,,,189,16058205,5331,41,25
RT-Thread,2021-02-28,,,191,16141867,5399,68,25
RT-Thread,2021-03-31,,,188,16060501,5519,120,32
RT-Thread,2021-04-30,,,187,15109504,5577,58,27
RT-Thread,2021-05-31,,,190,15276287,5631,54,27
RT-Thread,2021-06-30,,,191,15421162,5685,54,28
RT-Thread,2021-07-31,,,193,15461454,5727,42,31
RT-Thread,2021-08-31,,,200,16009713,5783,56,40
RT-Thread,2021-09-30,,,216,17563469,5863,80,46
RT-Thread,2021-10-31,,,217,17726953,5963,100,35
RT-Thread,2021-11-30,,,220,18581147,6007,44,27
RT-Thread,2021-12-31,,,224,18594515,6134,127,41
RT-Thread,2022-01-31,,,233,18826055,6237,103,40
RT-Thread,2022-02-28,,,233,18808163,6264,27,16
RT-Thread,2022-03-31,,,239,19399164,6333,69,37
RT-Thread,2022-04-30,,,248,20360906,6461,128,39
RT-Thread,2022-05-31,,,256,22502610,6558,97,33
RT-Thread,2022-06-30,,,262,22172154,6634,76,36
RT-Thread,2022-07-31,,,266,23165846,6710,76,33
RT-Thread,2022-08-31,,,268,23315344,6825,115,45
RT-Thread,2022-09-30,,,276,24016924,6915,90,40
RT-Thread,2022-10-31,,,287,24261492,6989,74,38
RT-Thread,2022-11-30,,,289,24629324,7046,57,27
RT-Thread,2022-12-31,,,299,25694098,7143,97,39
RT-Thread,2023-01-31,,,310,26195218,7228,85,32
RT-Thread,2023-02-28,,,315,26356746,7321,93,30
RT-Thread,2023-03-31,,,323,26372974,7439,118,43
RT-Thread,2023-04-30,,,328,26822583,7611,172,99
RT-Thread,2023-05-31,,,333,27377104,7721,110,59
RT-Thread,2023-06-30,,,336,27633143,7839,118,47
RT-Thread,2023-07-31,,,339,27830356,7930,91,36
RT-Thread,2023-08-31,,,341,28150130,7996,66,36
RT-Thread,2023-09-30,,,341,28187886,8058,62,27
RT-Thread,2023-10-31,,,343,28682172,8160,102,42
RT-Thread,2023-11-30,,,339,28386079,8235,75,37
RT-Thread,2023-12-31,,,342,28519812,8342,107,34
RT-Thread,2024-01-31,,,344,28563313,8397,55,24
RT-Thread,2024-02-29,,,347,29165234,8444,47,21
RT-Thread,2024-03-31,,,348,29305780,8564,120,42
RT-Thread,2024-04-30,,,357,30345395,8710,146,45
RT-Thread,2023-05-25,,,333,27374348,7704,121,68
RT-Thread,2024-04-25,,,354,30148316,8692,150,42
RT-Thread,2024-05-25,,,357,29559495,8769,77,33
